GROUP,BRITISH_COLUMBIA,SURREY_TOTAL,CITY_CENTRE,CLOVERDALE,FLEETWOOD,GUILFORD,NEWTON,SOUTH_SURREY,WHALLEY_EXCLUDING_CITY_CENTRE,WHALLEY_INCLUDING_CITY_CENTRE
"          Semitic languages, n.i.e.",90,55,0.0,0.0,0.0,40.0,5.0,0.0,0.0,0.0
Serbian,955,80,5.0,15.0,5.0,20.0,10.0,15.0,5.0,15.0
Serbo-Croatian,190,15,0.0,0.0,5.0,0.0,5.0,5.0,0.0,0.0
Shanghainese,220,15,0.0,0.0,0.0,5.0,5.0,0.0,0.0,0.0
"          Sign languages, n.i.e.",345,35,5.0,10.0,5.0,5.0,10.0,10.0,0.0,5.0
Sindhi,395,40,0.0,5.0,5.0,0.0,20.0,5.0,5.0,5.0
Sinhala (Sinhalese),285,105,5.0,10.0,30.0,25.0,20.0,0.0,20.0,20.0
"          Sino-Tibetan languages, n.i.e.",30,5,5.0,0.0,0.0,0.0,0.0,0.0,5.0,5.0
"          Slavic languages, n.i.e.",75,5,0.0,0.0,0.0,0.0,0.0,0.0,0.0,5.0
Slovak,405,50,0.0,10.0,0.0,10.0,15.0,5.0,10.0,10.0
Slovenian,155,15,0.0,5.0,5.0,0.0,0.0,0.0,0.0,0.0
Somali,190,80,5.0,0.0,0.0,15.0,55.0,0.0,5.0,15.0
Spanish,10065,1145,90.0,140.0,130.0,150.0,320.0,115.0,200.0,290.0
Swahili,280,55,10.0,5.0,5.0,5.0,15.0,5.0,10.0,20.0
Swedish,535,25,5.0,5.0,0.0,5.0,5.0,5.0,5.0,10.0
"          Tagalog (Pilipino, Filipino)",9040,1970,155.0,120.0,390.0,490.0,455.0,60.0,305.0,460.0
Taiwanese,1275,165,10.0,5.0,35.0,60.0,15.0,35.0,0.0,15.0
Tamil,480,95,10.0,10.0,15.0,10.0,30.0,5.0,10.0,20.0
Telugu,100,15,0.0,0.0,0.0,0.0,10.0,0.0,5.0,0.0
Thai,370,35,5.0,0.0,5.0,0.0,0.0,5.0,5.0,10.0
Tibetan languages,30,5,0.0,5.0,0.0,0.0,0.0,0.0,0.0,0.0
Tigrigna,85,15,0.0,5.0,0.0,0.0,10.0,0.0,5.0,0.0
Turkish,575,50,5.0,5.0,5.0,5.0,15.0,10.0,10.0,10.0
Ukrainian,835,75,10.0,5.0,10.0,10.0,10.0,15.0,10.0,20.0
Urdu,1255,510,20.0,25.0,40.0,30.0,290.0,30.0,80.0,100.0
Vietnamese,2885,635,40.0,35.0,175.0,170.0,95.0,0.0,115.0,155.0
Yiddish,40,5,0.0,0.0,0.0,0.0,0.0,5.0,0.0,0.0
Other languages,4910,260,25.0,20.0,30.0,30.0,90.0,20.0,45.0,70.0
Multiple responses,5325,725,50.0,50.0,80.0,100.0,285.0,45.0,110.0,160.0
English and French,495,80,10.0,0.0,0.0,15.0,35.0,5.0,15.0,20.0
English and non-official language,2185,420,20.0,20.0,55.0,50.0,190.0,20.0,60.0,80.0
French and non-official language,2610,225,20.0,30.0,20.0,30.0,60.0,30.0,40.0,55.0
"      English, French and non-official language",25,5,0.0,0.0,0.0,0.0,0.0,0.0,0.0,0.0
Detailed other language spoken regularly at home - Females excluding institutional residents,,,,,,,,,,
,,,10875.0,27480.0,29805.0,29275.0,66360.0,35695.0,35430.0,46300.0
None,,,8475.0,24035.0,22220.0,21940.0,49215.0,31475.0,26345.0,34815.0
Single responses,,,2355.0,3395.0,7490.0,7225.0,16880.0,4155.0,8960.0,11320.0
English,,24000,1030.0,1220.0,3530.0,3440.0,8475.0,1550.0,4755.0,5780.0
French,20865,1285,80.0,225.0,105.0,120.0,285.0,340.0,125.0,205.0
Non-official languages,,25185,1250.0,1950.0,3855.0,3670.0,8115.0,2270.0,4080.0,5330.0
Selected Aboriginal languages,445,30,5.0,0.0,0.0,0.0,5.0,0.0,10.0,15.0
Atikamekw,0,0,0.0,0.0,0.0,0.0,0.0,0.0,0.0,0.0
"          Cree, n.o.s.",360,20,5.0,0.0,0.0,5.0,5.0,0.0,5.0,10.0
Dene,20,5,0.0,0.0,0.0,0.0,5.0,0.0,0.0,0.0
Innu/Montagnais,0,0,0.0,0.0,0.0,0.0,0.0,0.0,0.0,0.0
Inuktitut,10,0,0.0,0.0,0.0,0.0,0.0,5.0,0.0,0.0
Mi'kmaq,5,0,0.0,0.0,0.0,0.0,0.0,0.0,0.0,0.0
Ojibway,45,5,0.0,0.0,0.0,0.0,5.0,0.0,5.0,5.0
Oji-Cree,0,0,0.0,0.0,0.0,0.0,0.0,0.0,0.0,0.0
Stoney,0,0,0.0,0.0,0.0,0.0,0.0,0.0,0.0,0.0
Selected non-Aboriginal languages,,24825,1215.0,1920.0,3805.0,3615.0,8010.0,2245.0,4015.0,5230.0
"          African languages, n.i.e.",140,40,15.0,0.0,5.0,10.0,5.0,0.0,10.0,20.0
Afrikaans,690,30,0.0,0.0,5.0,10.0,5.0,10.0,5.0,5.0
Akan (Twi),125,45,10.0,0.0,10.0,5.0,15.0,0.0,0.0,15.0
Albanian,205,40,0.0,5.0,10.0,10.0,5.0,0.0,0.0,5.0
Amharic,240,60,15.0,0.0,5.0,10.0,20.0,0.0,15.0,30.0
Arabic,1565,400,20.0,20.0,75.0,110.0,80.0,25.0,60.0,85.0
Armenian,165,15,0.0,5.0,0.0,5.0,0.0,5.0,5.0,5.0
"          Bantu languages, n.i.e.",125,20,5.0,0.0,5.0,10.0,5.0,0.0,0.0,5.0
Bengali,285,55,0.0,5.0,0.0,10.0,20.0,5.0,20.0,20.0
Berber languages (Kabyle),5,0,0.0,0.0,0.0,0.0,0.0,0.0,0.0,0.0
Bisayan languages,575,120,20.0,10.0,15.0,25.0,25.0,5.0,20.0,40.0
Bosnian,205,20,5.0,0.0,5.0,0.0,5.0,5.0,0.0,0.0
Bulgarian,275,10,0.0,0.0,0.0,0.0,0.0,0.0,0.0,5.0
Burmese,130,25,10.0,0.0,5.0,5.0,0.0,0.0,5.0,10.0
Cantonese,15290,575,40.0,60.0,95.0,140.0,120.0,60.0,65.0,105.0
"          Chinese, n.o.s.",10760,785,65.0,45.0,150.0,230.0,90.0,140.0,65.0,130.0
Creoles,235,70,5.0,5.0,10.0,20.0,20.0,0.0,10.0,15.0
Croatian,1615,140,10.0,15.0,25.0,30.0,25.0,25.0,15.0,20.0
Czech,1045,95,0.0,15.0,10.0,10.0,20.0,25.0,15.0,15.0
Danish,940,80,10.0,5.0,10.0,10.0,5.0,35.0,5.0,10.0
Dutch,3805,310,5.0,45.0,80.0,30.0,45.0,85.0,15.0,25.0
Estonian,130,10,0.0,0.0,0.0,0.0,0.0,10.0,0.0,0.0
Finnish,745,55,5.0,10.0,5.0,5.0,5.0,15.0,10.0,15.0
Flemish,70,5,0.0,0.0,5.0,5.0,0.0,0.0,0.0,0.0
Fukien,380,20,0.0,0.0,5.0,5.0,0.0,5.0,0.0,5.0
German,12965,875,30.0,115.0,105.0,100.0,165.0,295.0,70.0,105.0
Greek,1585,155,10.0,35.0,25.0,20.0,30.0,20.0,15.0,20.0
Gujarati,1705,255,10.0,20.0,30.0,20.0,115.0,25.0,25.0,35.0
Hakka,175,15,0.0,0.0,0.0,5.0,0.0,5.0,0.0,0.0
Hebrew,510,15,0.0,0.0,0.0,5.0,0.0,5.0,0.0,0.0
Hindi,6500,2890,100.0,80.0,345.0,150.0,1290.0,45.0,880.0,975.0
Hungarian,1545,170,15.0,15.0,20.0,35.0,30.0,30.0,25.0,35.0
Ilocano,590,90,10.0,0.0,10.0,25.0,15.0,5.0,25.0,35.0
"          Indo-Iranian languages, n.i.e.",85,15,0.0,0.0,0.0,0.0,10.0,0.0,5.0,0.0
Italian,4890,280,5.0,50.0,50.0,55.0,40.0,60.0,20.0,30.0
Japanese,5420,275,25.0,35.0,50.0,45.0,45.0,50.0,30.0,55.0
Khmer (Cambodian),195,85,5.0,10.0,20.0,15.0,15.0,0.0,15.0,20.0
Korean,3770,475,25.0,50.0,85.0,195.0,35.0,75.0,15.0,40.0
Kurdish,110,10,0.0,0.0,0.0,0.0,5.0,0.0,0.0,0.0
Lao,210,100,0.0,10.0,50.0,25.0,5.0,5.0,10.0,15.0
Latvian,75,5,0.0,0.0,0.0,0.0,5.0,0.0,0.0,0.0
Lingala,40,5,0.0,0.0,0.0,0.0,0.0,0.0,0.0,5.0
Lithuanian,60,5,0.0,0.0,0.0,0.0,0.0,0.0,0.0,0.0
Macedonian,35,5,0.0,0.0,0.0,0.0,0.0,0.0,0.0,0.0
Malay,805,95,5.0,5.0,20.0,25.0,15.0,10.0,10.0,20.0
Malayalam,260,65,10.0,0.0,15.0,5.0,20.0,0.0,10.0,15.0
Maltese,45,0,0.0,0.0,0.0,0.0,0.0,0.0,0.0,0.0
Mandarin,9775,785,40.0,45.0,100.0,275.0,100.0,170.0,60.0,95.0
Marathi,65,10,0.0,0.0,0.0,5.0,5.0,0.0,0.0,0.0
Nepali,75,30,10.0,0.0,5.0,0.0,10.0,0.0,5.0,15.0
"          Niger-Congo languages, n.i.e.",140,35,5.0,0.0,5.0,5.0,10.0,0.0,5.0,15.0
Norwegian,385,35,0.0,5.0,5.0,0.0,10.0,10.0,5.0,5.0
Oromo,25,5,0.0,0.0,0.0,0.0,0.0,0.0,5.0,0.0
Panjabi (Punjabi),16970,7435,120.0,540.0,1150.0,395.0,3605.0,295.0,1330.0,1450.0
Pashto,120,55,5.0,0.0,5.0,0.0,45.0,0.0,5.0,10.0
Persian (Farsi),3300,195,20.0,10.0,25.0,25.0,75.0,15.0,25.0,45.0
Polish,2975,435,25.0,40.0,80.0,120.0,60.0,55.0,45.0,75.0
Portuguese,3015,295,20.0,40.0,60.0,40.0,55.0,35.0,45.0,60.0
Romanian,1270,110,5.0,10.0,5.0,40.0,20.0,15.0,15.0,15.0
Rundi (Kirundi),25,10,0.0,0.0,5.0,0.0,0.0,0.0,0.0,0.0
Russian,3425,190,25.0,25.0,20.0,35.0,30.0,40.0,15.0,35.0
Rwanda (Kinyarwanda),20,5,0.0,5.0,0.0,0.0,5.0,0.0,5.0,0.0
"          Semitic languages, n.i.e.",75,55,0.0,0.0,5.0,40.0,10.0,0.0,0.0,5.0
Serbian,900,60,5.0,15.0,0.0,20.0,10.0,15.0,0.0,5.0
Serbo-Croatian,240,10,5.0,0.0,0.0,0.0,5.0,5.0,0.0,5.0
Shanghainese,265,15,0.0,0.0,0.0,5.0,5.0,5.0,0.0,0.0
"          Sign languages, n.i.e.",520,45,0.0,15.0,0.0,0.0,15.0,5.0,5.0,10.0
Sindhi,530,50,0.0,5.0,5.0,0.0,30.0,5.0,5.0,5.0
Sinhala (Sinhalese),290,105,0.0,10.0,30.0,25.0,20.0,0.0,20.0,20.0
"          Sino-Tibetan languages, n.i.e.",35,5,0.0,0.0,0.0,0.0,0.0,0.0,5.0,5.0
"          Slavic languages, n.i.e.",75,5,0.0,0.0,5.0,0.0,0.0,0.0,5.0,5.0
Slovak,635,70,0.0,15.0,5.0,15.0,10.0,10.0,10.0,10.0
Slovenian,185,20,0.0,0.0,5.0,0.0,5.0,0.0,5.0,5.0
Somali,175,70,10.0,0.0,0.0,10.0,45.0,0.0,5.0,10.0
Spanish,10865,1165,90.0,125.0,125.0,155.0,325.0,150.0,190.0,280.0
Swahili,300,70,10.0,10.0,5.0,10.0,25.0,5.0,10.0,20.0
Swedish,685,25,5.0,0.0,0.0,5.0,0.0,5.0,5.0,10.0
"          Tagalog (Pilipino, Filipino)",15770,2830,210.0,195.0,510.0,650.0,645.0,160.0,455.0,670.0
Taiwanese,1395,185,10.0,10.0,35.0,65.0,20.0,40.0,5.0,15.0
Tamil,430,100,10.0,5.0,20.0,15.0,35.0,0.0,15.0,25.0
Telugu,90,10,0.0,0.0,0.0,0.0,5.0,0.0,0.0,0.0
Thai,740,75,5.0,10.0,15.0,10.0,10.0,15.0,5.0,10.0
Tibetan languages,20,5,0.0,0.0,0.0,0.0,0.0,0.0,0.0,0.0
Tigrigna,90,20,0.0,0.0,0.0,5.0,10.0,0.0,5.0,5.0
Turkish,445,50,5.0,5.0,5.0,10.0,20.0,5.0,5.0,5.0
Ukrainian,1095,100,10.0,15.0,15.0,10.0,10.0,25.0,15.0,25.0
Urdu,1170,475,25.0,30.0,35.0,25.0,275.0,25.0,70.0,90.0
Vietnamese,3060,670,50.0,45.0,165.0,175.0,95.0,5.0,130.0,180.0
Yiddish,50,5,0.0,0.0,0.0,0.0,0.0,5.0,0.0,5.0
Other languages,5435,330,30.0,25.0,50.0,50.0,100.0,20.0,55.0,85.0
Multiple responses,6130,750,45.0,50.0,100.0,110.0,265.0,55.0,120.0,170.0
English and French,595,70,0.0,0.0,10.0,5.0,35.0,5.0,15.0,10.0
English and non-official language,2350,390,20.0,25.0,50.0,60.0,155.0,20.0,65.0,80.0
French and non-official language,3140,285,25.0,25.0,40.0,45.0,65.0,40.0,45.0,70.0
"      English, French and non-official language",40,5,0.0,0.0,0.0,0.0,5.0,0.0,0.0,0.0
Malayalam,725,190,10.0,5.0,40.0,15.0,85.0,5.0,25.0,40.0
Maltese,115,5,0.0,5.0,0.0,5.0,5.0,5.0,0.0,0.0
Mandarin,,5195,380.0,200.0,725.0,1700.0,535.0,1405.0,250.0,630.0
Marathi,205,30,0.0,0.0,10.0,5.0,5.0,5.0,0.0,5.0
Nepali,380,145,25.0,0.0,10.0,10.0,45.0,5.0,45.0,75.0
"          Niger-Congo languages, n.i.e.",220,65,15.0,5.0,0.0,10.0,15.0,0.0,15.0,25.0
Norwegian,1215,115,5.0,20.0,20.0,5.0,20.0,35.0,15.0,20.0
Oromo,135,25,0.0,0.0,0.0,15.0,10.0,0.0,0.0,0.0
Panjabi (Punjabi),,,610.0,1680.0,5560.0,1415.0,25565.0,680.0,11485.0,12095.0
Pashto,415,195,20.0,0.0,10.0,5.0,130.0,0.0,35.0,50.0
Persian (Farsi),17780,985,115.0,40.0,130.0,170.0,340.0,45.0,135.0,255.0
Polish,9275,1405,130.0,125.0,200.0,415.0,215.0,145.0,165.0,295.0
Portuguese,7615,695,20.0,90.0,175.0,90.0,145.0,70.0,110.0,130.0
Romanian,4220,310,25.0,35.0,30.0,75.0,55.0,60.0,35.0,60.0
Rundi (Kirundi),80,25,5.0,0.0,0.0,5.0,5.0,0.0,5.0,15.0
Russian,12345,740,105.0,60.0,70.0,125.0,125.0,160.0,90.0,195.0
Rwanda (Kinyarwanda),45,10,0.0,5.0,0.0,0.0,10.0,0.0,0.0,5.0
"          Semitic languages, n.i.e.",345,225,5.0,0.0,5.0,175.0,20.0,0.0,10.0,15.0
Serbian,3230,210,20.0,15.0,10.0,45.0,35.0,65.0,20.0,35.0
Serbo-Croatian,755,40,5.0,5.0,5.0,10.0,5.0,10.0,5.0,10.0
Shanghainese,715,20,5.0,0.0,5.0,10.0,0.0,5.0,0.0,5.0
"          Sign languages, n.i.e.",305,50,0.0,10.0,5.0,5.0,20.0,0.0,5.0,5.0
Sindhi,975,115,5.0,10.0,20.0,5.0,55.0,10.0,5.0,15.0
Sinhala (Sinhalese),690,275,15.0,10.0,70.0,80.0,65.0,5.0,30.0,45.0
"          Sino-Tibetan languages, n.i.e.",375,145,20.0,0.0,10.0,5.0,5.0,0.0,105.0,120.0
"          Slavic languages, n.i.e.",225,15,0.0,0.0,0.0,5.0,0.0,0.0,5.0,5.0
Slovak,1780,165,10.0,30.0,10.0,35.0,25.0,25.0,25.0,35.0
Slovenian,635,55,0.0,10.0,15.0,0.0,10.0,10.0,0.0,5.0
Somali,480,275,20.0,0.0,5.0,35.0,185.0,0.0,30.0,50.0
Spanish,21465,3025,250.0,310.0,320.0,430.0,895.0,255.0,575.0,820.0
Swahili,365,75,15.0,5.0,10.0,5.0,15.0,5.0,15.0,30.0
Swedish,1540,85,0.0,10.0,5.0,15.0,10.0,30.0,10.0,15.0
"          Tagalog (Pilipino, Filipino)",,7785,640.0,425.0,1420.0,1925.0,1745.0,320.0,1305.0,1950.0
Taiwanese,3040,390,20.0,20.0,65.0,135.0,45.0,85.0,20.0,40.0
Tamil,1500,255,5.0,20.0,55.0,40.0,85.0,5.0,35.0,45.0
Telugu,270,45,5.0,5.0,5.0,5.0,15.0,5.0,10.0,20.0
Thai,1675,140,15.0,15.0,30.0,15.0,25.0,25.0,15.0,30.0
Tibetan languages,85,20,0.0,5.0,10.0,0.0,0.0,0.0,0.0,0.0
Tigrigna,305,35,0.0,0.0,5.0,5.0,20.0,0.0,5.0,5.0
Turkish,1235,90,10.0,5.0,5.0,20.0,25.0,15.0,5.0,10.0
Ukrainian,5465,520,35.0,60.0,65.0,75.0,70.0,155.0,55.0,95.0
Urdu,4135,2215,80.0,75.0,200.0,110.0,1345.0,55.0,355.0,435.0
Vietnamese,13360,3185,200.0,170.0,935.0,750.0,440.0,30.0,655.0,860.0
Yiddish,170,5,0.0,0.0,0.0,0.0,0.0,5.0,0.0,0.0
Other languages,8125,685,55.0,40.0,95.0,100.0,200.0,35.0,160.0,215.0
Multiple responses,,7755,440.0,515.0,1155.0,1080.0,2585.0,480.0,1505.0,1945.0
English and French,4535,340,15.0,60.0,35.0,35.0,75.0,70.0,45.0,60.0
English and non-official language,,7140,405.0,430.0,1075.0,1000.0,2445.0,370.0,1420.0,1820.0
French and non-official language,1825,190,15.0,20.0,40.0,20.0,35.0,20.0,35.0,50.0
"      English, French and non-official language",810,85,5.0,0.0,10.0,25.0,25.0,10.0,10.0,15.0
Knowledge of official languages - Total population excluding institutional residents,,,22270.0,54195.0,58645.0,57995.0,131925.0,68260.0,71720.0,93985.0
English only,,,20235.0,50510.0,53010.0,52200.0,113720.0,61385.0,62765.0,83000.0
French only,2045,225,25.0,20.0,25.0,25.0,70.0,15.0,40.0,65.0
English and French,,21305,1025.0,2715.0,2160.0,2525.0,4970.0,5545.0,2355.0,3380.0
Neither English nor French,,29645,980.0,945.0,3460.0,3245.0,13155.0,1305.0,6550.0,7530.0
Knowledge of official languages - Males excluding institutional residents,,,,,,,,,,
,,,11390.0,26715.0,28840.0,28725.0,65565.0,32565.0,36295.0,47680.0
English only,,,10450.0,25160.0,26530.0,26185.0,57950.0,29565.0,32415.0,42870.0
French only,950,105,10.0,10.0,10.0,10.0,30.0,10.0,20.0,35.0
English and French,,9540,535.0,1175.0,960.0,1170.0,2190.0,2400.0,1115.0,1645.0
Neither English nor French,,12195,395.0,370.0,1335.0,1360.0,5395.0,595.0,2745.0,3135.0
Knowledge of official languages - Females excluding institutional residents,,,,,,,,,,
,,,10875.0,27480.0,29810.0,29275.0,66360.0,35690.0,35430.0,46300.0
English only,,,9785.0,25350.0,26475.0,26020.0,55770.0,31820.0,30355.0,40135.0
French only,1100,125,15.0,10.0,15.0,15.0,40.0,10.0,20.0,35.0
English and French,,11770,495.0,1540.0,1200.0,1355.0,2785.0,3150.0,1245.0,1735.0
Neither English nor French,,17450,585.0,575.0,2115.0,1885.0,7765.0,710.0,3810.0,4395.0
First official language spoken - Total population excluding institutional residents,,,22265.0,54195.0,58650.0,58000.0,131925.0,68260.0,71720.0,93985.0
English,,,20935.0,52710.0,54570.0,54015.0,117290.0,65935.0,64385.0,85315.0
French,,3510,265.0,430.0,360.0,430.0,805.0,790.0,435.0,700.0
English and French,16930,2410,120.0,130.0,325.0,355.0,795.0,260.0,425.0,540.0
Neither English nor French,,29250,950.0,925.0,3395.0,3200.0,13030.0,1275.0,6480.0,7425.0
First official language spoken - Males excluding institutional residents,,,,,,,,,,
,,,11390.0,26710.0,28845.0,28720.0,65560.0,32570.0,36295.0,47685.0
English,,,10800.0,26095.0,27190.0,26970.0,59470.0,31525.0,33175.0,43970.0
French,26660,1750,155.0,205.0,180.0,240.0,390.0,350.0,230.0,385.0
English and French,7710,1120,60.0,50.0,165.0,170.0,370.0,115.0,190.0,245.0
Neither English nor French,,12000,380.0,355.0,1305.0,1340.0,5335.0,575.0,2700.0,3080.0
First official language spoken - Females excluding institutional residents,,,,,,,,,,
,,,10875.0,27480.0,29805.0,29280.0,66360.0,35695.0,35425.0,46300.0
English,,,10135.0,26615.0,27380.0,27040.0,57820.0,34415.0,31210.0,41345.0
French,27065,1760,105.0,225.0,175.0,195.0,415.0,440.0,210.0,310.0
English and French,9220,1290,60.0,75.0,160.0,185.0,425.0,145.0,235.0,300.0
Neither English nor French,,17255,570.0,565.0,2090.0,1855.0,7700.0,695.0,3775.0,4350.0
Detailed language spoken most often at home - Total population excluding institutional residents,,,22265.0,54190.0,58645.0,58000.0,131920.0,68260.0,71720.0,93985.0
Single responses,,,20565.0,52410.0,53390.0,53060.0,119095.0,66660.0,64405.0,84975.0
English,,,14735.0,47110.0,34890.0,35980.0,63645.0,59255.0,35530.0,50265.0
French,16685,1045,70.0,120.0,115.0,145.0,295.0,195.0,115.0,185.0
Non-official languages,,,5765.0,5175.0,18385.0,16935.0,55155.0,7210.0,28765.0,34525.0
Selected Aboriginal languages,170,5,0.0,0.0,0.0,0.0,5.0,0.0,5.0,0.0
Atikamekw,0,0,0.0,0.0,0.0,0.0,0.0,0.0,0.0,0.0
"        Cree, n.o.s.",135,10,0.0,0.0,0.0,0.0,0.0,0.0,5.0,0.0
Dene,10,0,0.0,0.0,0.0,0.0,0.0,0.0,0.0,0.0
Innu/Montagnais,0,0,0.0,0.0,0.0,0.0,0.0,0.0,0.0,0.0
Inuktitut,10,0,0.0,0.0,0.0,0.0,0.0,0.0,0.0,0.0
Mi'kmaq,0,0,0.0,0.0,0.0,0.0,0.0,0.0,0.0,0.0
Ojibway,15,0,0.0,0.0,0.0,0.0,5.0,0.0,0.0,0.0
Oji-Cree,5,0,0.0,0.0,0.0,0.0,0.0,0.0,0.0,0.0
Stoney,0,0,0.0,0.0,0.0,0.0,0.0,0.0,0.0,0.0
Selected non-Aboriginal languages,,,5700.0,5150.0,18330.0,16880.0,54980.0,7185.0,28575.0,34275.0
"        African languages, n.i.e.",185,95,10.0,0.0,5.0,30.0,25.0,10.0,15.0,25.0
Afrikaans,1380,85,0.0,20.0,0.0,15.0,5.0,40.0,0.0,0.0
Akan (Twi),120,45,5.0,5.0,5.0,5.0,25.0,0.0,0.0,5.0
Albanian,700,160,25.0,20.0,15.0,75.0,20.0,5.0,10.0,35.0
Amharic,555,135,15.0,5.0,25.0,15.0,55.0,0.0,20.0,35.0
Arabic,7635,1875,135.0,55.0,245.0,715.0,435.0,30.0,260.0,395.0
Armenian,490,30,5.0,5.0,0.0,0.0,5.0,5.0,10.0,10.0
"        Bantu languages, n.i.e.",115,35,5.0,5.0,0.0,0.0,15.0,0.0,5.0,5.0
Bengali,1465,305,40.0,0.0,50.0,55.0,110.0,5.0,45.0,85.0
Berber languages (Kabyle),0,0,0.0,0.0,0.0,0.0,0.0,0.0,0.0,0.0
Bisayan languages,1260,290,30.0,10.0,20.0,80.0,80.0,15.0,55.0,85.0
Bosnian,705,75,10.0,0.0,10.0,35.0,15.0,0.0,5.0,15.0
Bulgarian,1080,45,5.0,10.0,10.0,5.0,5.0,10.0,0.0,10.0
Burmese,585,185,60.0,10.0,10.0,30.0,10.0,0.0,65.0,125.0
Cantonese,,2680,195.0,140.0,595.0,740.0,415.0,190.0,400.0,600.0
"        Chinese, n.o.s.",,5385,510.0,230.0,905.0,1575.0,500.0,1200.0,470.0,980.0
Creoles,315,130,10.0,5.0,5.0,50.0,25.0,5.0,35.0,40.0
Croatian,2545,205,5.0,20.0,45.0,45.0,25.0,35.0,30.0,35.0
Czech,1575,175,15.0,5.0,25.0,50.0,20.0,35.0,25.0,40.0
Danish,325,10,0.0,0.0,0.0,0.0,0.0,5.0,0.0,0.0
Dutch,2225,120,0.0,5.0,30.0,0.0,25.0,35.0,20.0,20.0
Estonian,110,15,0.0,0.0,0.0,0.0,0.0,10.0,0.0,0.0
Finnish,795,40,0.0,0.0,0.0,10.0,5.0,15.0,5.0,5.0
Flemish,50,0,0.0,0.0,0.0,0.0,0.0,0.0,0.0,0.0
Fukien,690,45,10.0,0.0,5.0,15.0,5.0,0.0,10.0,20.0
German,11555,515,20.0,55.0,40.0,65.0,70.0,205.0,65.0,80.0
Greek,2105,175,5.0,15.0,35.0,35.0,50.0,20.0,20.0,20.0
Gujarati,3050,645,25.0,15.0,45.0,50.0,375.0,20.0,125.0,145.0
Hakka,320,15,5.0,0.0,0.0,5.0,5.0,0.0,0.0,0.0
Hebrew,785,10,0.0,0.0,0.0,0.0,0.0,0.0,0.0,5.0
Hindi,12390,6885,250.0,115.0,795.0,265.0,2975.0,35.0,2450.0,2705.0
Hungarian,2565,285,35.0,20.0,20.0,70.0,70.0,20.0,45.0,80.0
Ilocano,1185,215,25.0,5.0,65.0,30.0,35.0,10.0,50.0,80.0
"        Indo-Iranian languages, n.i.e.",175,50,0.0,0.0,15.0,0.0,20.0,5.0,15.0,15.0
Italian,6250,275,10.0,30.0,60.0,60.0,50.0,55.0,25.0,25.0
Japanese,9540,440,30.0,30.0,55.0,100.0,75.0,90.0,60.0,90.0
Khmer (Cambodian),750,330,25.0,30.0,85.0,25.0,75.0,0.0,90.0,120.0
Korean,,6365,480.0,635.0,1260.0,2760.0,180.0,935.0,110.0,590.0
Kurdish,950,70,0.0,5.0,15.0,20.0,25.0,0.0,5.0,5.0
Lao,545,350,5.0,10.0,175.0,85.0,20.0,0.0,55.0,55.0
Latvian,105,5,0.0,0.0,0.0,0.0,0.0,5.0,0.0,0.0
Lingala,10,0,0.0,0.0,0.0,0.0,0.0,0.0,0.0,0.0
Lithuanian,65,5,0.0,0.0,0.0,0.0,0.0,0.0,0.0,0.0
Macedonian,140,5,0.0,0.0,0.0,0.0,0.0,0.0,0.0,0.0
Malay,1320,150,50.0,15.0,20.0,30.0,20.0,10.0,15.0,60.0
Malayalam,690,190,15.0,5.0,35.0,10.0,105.0,0.0,20.0,30.0
Maltese,20,0,0.0,0.0,0.0,0.0,0.0,0.0,0.0,0.0
Mandarin,,8580,660.0,295.0,1260.0,2820.0,845.0,2330.0,365.0,1025.0
Marathi,230,25,0.0,0.0,10.0,5.0,0.0,5.0,0.0,0.0
Nepali,525,200,25.0,0.0,15.0,15.0,65.0,0.0,80.0,110.0
"        Niger-Congo languages, n.i.e.",140,40,10.0,0.0,5.0,5.0,5.0,0.0,15.0,20.0
Norwegian,160,20,0.0,0.0,5.0,0.0,5.0,10.0,5.0,5.0
Oromo,180,30,0.0,0.0,0.0,25.0,10.0,0.0,5.0,0.0
Panjabi (Punjabi),,,900.0,2185.0,8135.0,1770.0,41095.0,730.0,18810.0,19715.0
Pashto,565,250,15.0,0.0,5.0,5.0,160.0,0.0,55.0,75.0
Persian (Farsi),24745,1345,165.0,50.0,210.0,230.0,440.0,50.0,200.0,365.0
Polish,6395,1305,145.0,110.0,180.0,425.0,175.0,80.0,195.0,340.0
Portuguese,5190,440,25.0,30.0,110.0,60.0,85.0,30.0,90.0,115.0
Romanian,4155,295,25.0,15.0,40.0,50.0,60.0,70.0,35.0,55.0
Rundi (Kirundi),75,30,10.0,0.0,0.0,5.0,15.0,0.0,5.0,15.0
Russian,12205,815,145.0,40.0,80.0,145.0,125.0,165.0,110.0,260.0
Rwanda (Kinyarwanda),25,0,0.0,0.0,0.0,0.0,0.0,0.0,0.0,0.0
"        Semitic languages, n.i.e.",465,340,10.0,0.0,10.0,280.0,30.0,0.0,15.0,25.0
Serbian,4020,240,30.0,10.0,15.0,60.0,40.0,50.0,25.0,55.0
Serbo-Croatian,615,30,5.0,5.0,0.0,10.0,0.0,0.0,5.0,10.0
Shanghainese,555,25,10.0,5.0,5.0,10.0,0.0,0.0,0.0,10.0
"        Sign languages, n.i.e.",985,125,5.0,20.0,25.0,15.0,35.0,10.0,10.0,20.0
Sindhi,675,90,10.0,5.0,25.0,0.0,45.0,5.0,5.0,20.0
Sinhala (Sinhalese),600,265,15.0,5.0,70.0,85.0,70.0,5.0,20.0,35.0
"        Sino-Tibetan languages, n.i.e.",620,250,30.0,0.0,5.0,25.0,5.0,0.0,190.0,215.0
"        Slavic languages, n.i.e.",75,5,0.0,0.0,5.0,0.0,0.0,0.0,5.0,0.0
Slovak,1080,105,10.0,5.0,5.0,20.0,10.0,15.0,30.0,35.0
Slovenian,165,10,0.0,0.0,0.0,0.0,0.0,0.0,0.0,0.0
Somali,625,380,20.0,0.0,0.0,50.0,255.0,0.0,50.0,75.0
Spanish,20580,3375,305.0,305.0,375.0,450.0,970.0,200.0,770.0,1075.0
Swahili,250,70,15.0,0.0,5.0,15.0,20.0,0.0,20.0,35.0
Swedish,430,15,0.0,0.0,0.0,5.0,0.0,5.0,0.0,5.0
"        Tagalog (Pilipino, Filipino)",29380,6410,580.0,205.0,1150.0,1650.0,1505.0,85.0,1235.0,1815.0
Taiwanese,2910,445,20.0,10.0,65.0,150.0,60.0,125.0,20.0,40.0
Tamil,1965,320,5.0,10.0,60.0,55.0,120.0,0.0,60.0,70.0
Telugu,285,65,5.0,5.0,0.0,5.0,25.0,5.0,30.0,30.0
Thai,850,80,15.0,0.0,15.0,15.0,10.0,5.0,20.0,40.0
Tibetan languages,100,15,0.0,0.0,10.0,5.0,0.0,0.0,0.0,0.0
Tigrigna,295,35,10.0,0.0,5.0,0.0,20.0,0.0,5.0,10.0
Turkish,1365,70,5.0,0.0,0.0,30.0,25.0,5.0,0.0,5.0
Ukrainian,1070,190,10.0,15.0,35.0,35.0,25.0,35.0,45.0,50.0
Urdu,5430,3265,120.0,70.0,280.0,135.0,2085.0,70.0,510.0,630.0
Vietnamese,17270,4440,265.0,200.0,1390.0,1045.0,575.0,40.0,925.0,1190.0
Yiddish,10,0,0.0,0.0,0.0,0.0,0.0,0.0,0.0,0.0
Other languages,4180,575,60.0,25.0,55.0,55.0,175.0,25.0,180.0,245.0
Multiple responses,,,1700.0,1790.0,5255.0,4945.0,12830.0,1600.0,7315.0,9015.0
English and French,4700,405,15.0,40.0,40.0,60.0,105.0,95.0,45.0,60.0
English and non-official language,,,1650.0,1720.0,5140.0,4805.0,12570.0,1460.0,7155.0,8805.0
French and non-official language,930,140,15.0,0.0,15.0,15.0,20.0,15.0,55.0,65.0
"    English, French and non-official language",2130,385,20.0,25.0,60.0,60.0,130.0,30.0,55.0,80.0
Detailed language spoken most often at home - Males excluding institutional residents,,,,,,,,,,
,,,11395.0,26715.0,28840.0,28720.0,65565.0,32570.0,36290.0,47680.0
Single responses,,,10540.0,25850.0,26255.0,26275.0,59135.0,31840.0,32620.0,43165.0
English,,,7690.0,23335.0,17250.0,18050.0,31745.0,28330.0,18330.0,26020.0
French,8020,505,40.0,55.0,55.0,80.0,135.0,80.0,60.0,95.0
Non-official languages,,,2805.0,2465.0,8945.0,8145.0,27255.0,3425.0,14240.0,17045.0
Selected Aboriginal languages,85,5,0.0,0.0,0.0,0.0,0.0,0.0,0.0,0.0
Atikamekw,0,0,0.0,0.0,0.0,0.0,0.0,0.0,0.0,0.0
"          Cree, n.o.s.",65,5,0.0,0.0,0.0,0.0,0.0,0.0,0.0,0.0
Dene,5,0,0.0,0.0,0.0,0.0,0.0,0.0,0.0,0.0
Innu/Montagnais,0,0,0.0,0.0,0.0,0.0,0.0,0.0,0.0,0.0
Inuktitut,0,0,0.0,0.0,0.0,0.0,0.0,0.0,0.0,0.0
Mi'kmaq,0,0,0.0,0.0,0.0,0.0,0.0,0.0,0.0,0.0
Ojibway,10,0,0.0,0.0,0.0,0.0,0.0,0.0,0.0,0.0
Oji-Cree,0,0,0.0,0.0,0.0,0.0,0.0,0.0,0.0,0.0
Stoney,0,0,0.0,0.0,0.0,0.0,0.0,0.0,0.0,0.0
Selected non-Aboriginal languages,,,2780.0,2450.0,8925.0,8115.0,27170.0,3415.0,14140.0,16915.0
"          African languages, n.i.e.",80,35,5.0,0.0,5.0,10.0,5.0,5.0,5.0,10.0
Afrikaans,690,45,0.0,10.0,0.0,10.0,0.0,20.0,0.0,0.0
Akan (Twi),55,20,0.0,0.0,0.0,5.0,10.0,0.0,0.0,5.0
Albanian,350,80,20.0,10.0,5.0,30.0,5.0,0.0,5.0,25.0
Amharic,245,55,5.0,0.0,15.0,10.0,20.0,0.0,10.0,15.0
Arabic,4065,945,80.0,25.0,125.0,355.0,215.0,15.0,135.0,210.0
Armenian,245,15,0.0,0.0,0.0,0.0,0.0,5.0,5.0,5.0
"          Bantu languages, n.i.e.",50,10,0.0,0.0,0.0,0.0,5.0,0.0,5.0,0.0
Bengali,715,145,25.0,0.0,25.0,20.0,55.0,5.0,25.0,45.0
Berber languages (Kabyle),0,0,0.0,0.0,0.0,0.0,0.0,0.0,0.0,0.0
Bisayan languages,540,140,15.0,5.0,10.0,35.0,35.0,10.0,30.0,45.0
Bosnian,365,40,5.0,0.0,10.0,20.0,5.0,0.0,0.0,5.0
Bulgarian,530,25,0.0,5.0,5.0,5.0,0.0,5.0,0.0,5.0
Burmese,320,105,35.0,5.0,5.0,15.0,5.0,0.0,35.0,70.0
Cantonese,,1280,95.0,65.0,290.0,360.0,185.0,90.0,200.0,295.0
"          Chinese, n.o.s.",,2565,255.0,110.0,430.0,755.0,235.0,555.0,235.0,485.0
Creoles,145,65,5.0,0.0,5.0,25.0,15.0,0.0,20.0,20.0
Croatian,1200,100,0.0,10.0,20.0,25.0,10.0,15.0,15.0,20.0
Czech,795,90,10.0,0.0,10.0,25.0,10.0,20.0,15.0,20.0
Danish,160,5,0.0,0.0,0.0,0.0,0.0,0.0,0.0,5.0
Dutch,1055,55,0.0,5.0,10.0,0.0,10.0,15.0,10.0,10.0
Estonian,45,0,0.0,0.0,0.0,0.0,0.0,0.0,0.0,0.0
Finnish,350,15,5.0,0.0,0.0,0.0,0.0,10.0,0.0,5.0
Flemish,25,0,0.0,0.0,0.0,0.0,0.0,0.0,0.0,0.0
Fukien,310,20,0.0,0.0,5.0,5.0,5.0,0.0,5.0,10.0
German,5435,240,10.0,25.0,20.0,25.0,30.0,90.0,35.0,40.0
Greek,1010,85,0.0,5.0,15.0,20.0,25.0,5.0,10.0,15.0
Gujarati,1335,305,15.0,10.0,25.0,20.0,180.0,10.0,55.0,70.0
Hakka,145,10,0.0,0.0,0.0,5.0,5.0,0.0,0.0,0.0
Hebrew,395,5,0.0,0.0,0.0,0.0,0.0,5.0,0.0,5.0
Hindi,5900,3305,115.0,50.0,390.0,135.0,1425.0,15.0,1175.0,1290.0
Hungarian,1235,145,20.0,10.0,10.0,30.0,40.0,10.0,25.0,40.0
Ilocano,530,105,15.0,0.0,35.0,15.0,15.0,10.0,25.0,40.0
"          Indo-Iranian languages, n.i.e.",90,30,0.0,0.0,10.0,0.0,10.0,0.0,10.0,10.0
Italian,2730,130,5.0,15.0,25.0,30.0,30.0,25.0,10.0,15.0
Japanese,3985,200,10.0,15.0,15.0,50.0,35.0,45.0,25.0,35.0
Khmer (Cambodian),365,165,10.0,15.0,40.0,15.0,35.0,5.0,50.0,55.0
Korean,17985,3030,230.0,300.0,610.0,1315.0,90.0,435.0,45.0,275.0
Kurdish,490,40,0.0,5.0,10.0,10.0,10.0,0.0,0.0,5.0
Lao,270,170,5.0,0.0,90.0,45.0,5.0,0.0,25.0,25.0
Latvian,50,0,0.0,0.0,0.0,0.0,0.0,0.0,0.0,0.0
Lingala,5,0,0.0,0.0,0.0,0.0,0.0,0.0,0.0,0.0
Lithuanian,30,0,0.0,0.0,0.0,0.0,0.0,0.0,0.0,0.0
Macedonian,70,0,0.0,0.0,0.0,0.0,0.0,0.0,0.0,0.0
Malay,660,75,30.0,5.0,5.0,15.0,5.0,5.0,10.0,35.0
Malayalam,350,95,10.0,0.0,10.0,5.0,50.0,0.0,10.0,20.0
Maltese,5,0,0.0,0.0,0.0,0.0,0.0,0.0,0.0,0.0
Mandarin,,4200,335.0,150.0,635.0,1375.0,405.0,1130.0,175.0,510.0
Marathi,120,15,0.0,0.0,5.0,0.0,5.0,5.0,0.0,0.0
Nepali,275,100,15.0,0.0,5.0,5.0,35.0,0.0,40.0,60.0
"          Niger-Congo languages, n.i.e.",65,15,5.0,0.0,0.0,0.0,5.0,0.0,5.0,10.0
Norwegian,85,10,0.0,0.0,0.0,0.0,0.0,5.0,0.0,0.0
Oromo,85,15,0.0,0.0,0.0,10.0,0.0,0.0,5.0,0.0
Panjabi (Punjabi),,,430.0,1055.0,4040.0,875.0,20500.0,360.0,9395.0,9820.0
Pashto,300,120,10.0,0.0,5.0,0.0,75.0,5.0,30.0,35.0
Persian (Farsi),12090,665,80.0,30.0,105.0,120.0,210.0,25.0,100.0,175.0
Polish,3065,645,75.0,60.0,90.0,205.0,85.0,30.0,95.0,170.0
Portuguese,2405,215,10.0,15.0,50.0,30.0,40.0,15.0,45.0,60.0
Romanian,2050,145,10.0,10.0,25.0,25.0,30.0,30.0,20.0,30.0
Rundi (Kirundi),25,15,5.0,0.0,0.0,0.0,5.0,0.0,0.0,5.0
Russian,5880,395,75.0,25.0,35.0,65.0,60.0,75.0,55.0,130.0
Rwanda (Kinyarwanda),10,0,0.0,0.0,0.0,0.0,0.0,0.0,0.0,0.0
"          Semitic languages, n.i.e.",230,170,5.0,0.0,0.0,140.0,15.0,0.0,5.0,10.0
Serbian,2020,135,15.0,5.0,10.0,35.0,25.0,25.0,15.0,35.0
Serbo-Croatian,300,15,0.0,5.0,0.0,5.0,0.0,0.0,5.0,5.0
Shanghainese,255,15,5.0,0.0,5.0,5.0,0.0,0.0,0.0,5.0
"          Sign languages, n.i.e.",540,60,5.0,10.0,15.0,5.0,15.0,5.0,10.0,15.0
Sindhi,290,45,10.0,0.0,15.0,0.0,20.0,0.0,0.0,5.0
Sinhala (Sinhalese),295,125,10.0,5.0,30.0,35.0,40.0,0.0,10.0,20.0
"          Sino-Tibetan languages, n.i.e.",315,135,15.0,0.0,0.0,20.0,0.0,0.0,95.0,110.0
"          Slavic languages, n.i.e.",35,0,0.0,0.0,5.0,0.0,0.0,0.0,0.0,0.0
Slovak,510,50,5.0,5.0,0.0,10.0,5.0,10.0,15.0,20.0
Slovenian,65,10,0.0,0.0,0.0,0.0,0.0,5.0,0.0,0.0
Somali,310,185,15.0,0.0,0.0,25.0,120.0,0.0,30.0,40.0
Spanish,10025,1625,160.0,140.0,170.0,210.0,460.0,90.0,395.0,550.0
Swahili,130,40,10.0,0.0,0.0,10.0,10.0,0.0,10.0,20.0
Swedish,195,5,0.0,0.0,0.0,0.0,0.0,0.0,0.0,0.0
"          Tagalog (Pilipino, Filipino)",12780,2920,250.0,80.0,535.0,750.0,695.0,30.0,570.0,820.0
Taiwanese,1390,225,5.0,5.0,35.0,70.0,30.0,60.0,10.0,20.0
Tamil,1010,160,0.0,5.0,25.0,30.0,70.0,0.0,35.0,35.0
Telugu,145,35,0.0,5.0,0.0,5.0,10.0,0.0,15.0,20.0
Thai,375,30,5.0,0.0,0.0,5.0,5.0,0.0,10.0,20.0
Tibetan languages,55,10,0.0,0.0,5.0,5.0,0.0,0.0,0.0,0.0
Tigrigna,135,20,5.0,0.0,0.0,0.0,5.0,0.0,5.0,5.0
Turkish,720,35,0.0,0.0,5.0,20.0,15.0,0.0,0.0,0.0
Ukrainian,475,95,10.0,5.0,20.0,15.0,15.0,20.0,20.0,30.0
Urdu,2700,1625,60.0,30.0,125.0,65.0,1055.0,40.0,245.0,305.0
Vietnamese,8090,2080,120.0,95.0,645.0,495.0,280.0,25.0,420.0,535.0
Yiddish,5,0,0.0,0.0,0.0,0.0,0.0,0.0,0.0,0.0
Other languages,2100,280,30.0,15.0,20.0,30.0,85.0,10.0,95.0,125.0
Multiple responses,,17580,850.0,865.0,2590.0,2450.0,6425.0,725.0,3675.0,4520.0
English and French,2240,170,10.0,15.0,20.0,30.0,40.0,35.0,10.0,20.0
English and non-official language,,17175,830.0,835.0,2540.0,2375.0,6320.0,670.0,3610.0,4440.0
French and non-official language,435,70,5.0,0.0,10.0,10.0,10.0,5.0,25.0,35.0
"      English, French and non-official language",945,165,5.0,10.0,25.0,35.0,55.0,15.0,20.0,30.0
Detailed language spoken most often at home - Females excluding institutional residents,,,,,,,,,,
,,,10875.0,27480.0,29805.0,29275.0,66360.0,35695.0,35425.0,46300.0
Single responses,,,10020.0,26555.0,27140.0,26785.0,59960.0,34820.0,31785.0,41810.0
English,,,7040.0,23780.0,17645.0,17935.0,31900.0,30925.0,17205.0,24240.0
French,8665,540,30.0,65.0,60.0,60.0,160.0,110.0,60.0,90.0
Non-official languages,,,2955.0,2710.0,9435.0,8790.0,27900.0,3785.0,14525.0,17485.0
Selected Aboriginal languages,85,5,0.0,0.0,0.0,0.0,5.0,0.0,5.0,5.0
Atikamekw,0,0,0.0,0.0,0.0,0.0,0.0,0.0,0.0,0.0
"          Cree, n.o.s.",65,5,0.0,0.0,0.0,0.0,0.0,0.0,5.0,0.0
Dene,5,0,0.0,0.0,0.0,0.0,0.0,0.0,0.0,0.0
Innu/Montagnais,0,0,0.0,0.0,0.0,0.0,0.0,0.0,0.0,0.0
Inuktitut,5,0,0.0,0.0,0.0,0.0,0.0,0.0,0.0,0.0
Mi'kmaq,0,0,0.0,0.0,0.0,0.0,0.0,0.0,0.0,0.0
Ojibway,10,5,0.0,0.0,0.0,0.0,0.0,0.0,0.0,0.0
Oji-Cree,0,0,0.0,0.0,0.0,0.0,0.0,0.0,0.0,0.0
Stoney,0,0,0.0,0.0,0.0,0.0,0.0,0.0,0.0,0.0
Selected non-Aboriginal languages,,,2925.0,2695.0,9405.0,8765.0,27805.0,3770.0,14435.0,17360.0
"          African languages, n.i.e.",105,50,5.0,0.0,5.0,15.0,15.0,5.0,10.0,15.0
Afrikaans,695,45,0.0,10.0,0.0,5.0,5.0,20.0,0.0,0.0
Akan (Twi),65,25,5.0,0.0,5.0,0.0,15.0,0.0,0.0,5.0
Albanian,350,85,10.0,10.0,10.0,40.0,15.0,5.0,5.0,10.0
Amharic,310,75,10.0,0.0,10.0,5.0,35.0,0.0,15.0,20.0
Arabic,3575,935,60.0,25.0,120.0,365.0,220.0,15.0,130.0,190.0
Armenian,240,10,0.0,5.0,0.0,0.0,0.0,5.0,0.0,5.0
"          Bantu languages, n.i.e.",65,20,5.0,5.0,0.0,0.0,10.0,0.0,0.0,0.0
Bengali,750,160,20.0,0.0,30.0,30.0,60.0,5.0,25.0,40.0
Berber languages (Kabyle),0,0,0.0,0.0,0.0,0.0,0.0,0.0,0.0,0.0
Bisayan languages,725,150,15.0,5.0,10.0,45.0,45.0,5.0,25.0,40.0
Bosnian,335,35,0.0,0.0,5.0,20.0,5.0,0.0,0.0,5.0
Bulgarian,555,20,5.0,5.0,5.0,5.0,0.0,5.0,0.0,5.0
Burmese,265,80,30.0,5.0,5.0,15.0,5.0,0.0,25.0,50.0
Cantonese,,1405,105.0,80.0,300.0,385.0,235.0,100.0,200.0,305.0
"          Chinese, n.o.s.",,2825,255.0,120.0,480.0,820.0,265.0,645.0,240.0,495.0
Creoles,165,65,5.0,5.0,0.0,25.0,15.0,0.0,15.0,25.0
Croatian,1340,105,0.0,10.0,25.0,20.0,15.0,20.0,15.0,20.0
Czech,775,85,5.0,5.0,15.0,25.0,10.0,15.0,15.0,15.0
Danish,165,5,0.0,0.0,0.0,0.0,0.0,5.0,0.0,0.0
Dutch,1170,65,5.0,5.0,15.0,5.0,15.0,20.0,5.0,10.0
Estonian,70,10,0.0,0.0,0.0,0.0,0.0,10.0,0.0,0.0
Finnish,445,25,5.0,5.0,0.0,5.0,5.0,10.0,5.0,5.0
Flemish,25,0,0.0,0.0,0.0,0.0,0.0,0.0,0.0,0.0
Fukien,380,25,5.0,0.0,0.0,10.0,0.0,0.0,5.0,10.0
German,6120,280,10.0,30.0,25.0,35.0,40.0,115.0,35.0,40.0
Greek,1095,85,0.0,10.0,15.0,15.0,30.0,10.0,5.0,10.0
Gujarati,1710,340,10.0,10.0,20.0,25.0,195.0,15.0,65.0,80.0
Hakka,175,10,0.0,0.0,0.0,5.0,5.0,0.0,5.0,0.0
Hebrew,390,5,0.0,0.0,0.0,0.0,5.0,0.0,0.0,0.0
Hindi,6490,3585,135.0,65.0,410.0,130.0,1545.0,20.0,1275.0,1410.0
Hungarian,1330,145,20.0,10.0,10.0,40.0,35.0,10.0,25.0,40.0
Ilocano,660,110,15.0,0.0,30.0,15.0,20.0,5.0,30.0,40.0
"          Indo-Iranian languages, n.i.e.",85,30,0.0,0.0,5.0,0.0,15.0,5.0,5.0,10.0
Italian,3525,145,5.0,15.0,30.0,30.0,30.0,30.0,15.0,15.0
Japanese,5555,240,10.0,20.0,40.0,50.0,40.0,50.0,35.0,50.0
Khmer (Cambodian),385,165,15.0,15.0,40.0,10.0,40.0,0.0,45.0,60.0
Korean,20830,3330,255.0,335.0,650.0,1450.0,90.0,495.0,60.0,310.0
Kurdish,460,30,0.0,0.0,5.0,10.0,10.0,0.0,0.0,0.0
Lao,275,170,0.0,5.0,90.0,40.0,10.0,0.0,25.0,25.0
Latvian,50,0,0.0,0.0,0.0,0.0,0.0,0.0,0.0,0.0
Lingala,5,0,0.0,0.0,0.0,0.0,0.0,0.0,0.0,0.0
Lithuanian,30,5,5.0,0.0,0.0,0.0,0.0,5.0,0.0,0.0
Macedonian,70,0,0.0,0.0,0.0,0.0,0.0,0.0,0.0,5.0
Malay,660,75,15.0,10.0,10.0,15.0,15.0,5.0,10.0,25.0
Malayalam,340,100,5.0,5.0,20.0,5.0,55.0,0.0,10.0,15.0
Maltese,10,0,0.0,0.0,0.0,0.0,0.0,0.0,0.0,0.0
Mandarin,,4380,330.0,145.0,625.0,1440.0,440.0,1205.0,190.0,520.0
Marathi,110,15,0.0,0.0,5.0,0.0,0.0,5.0,0.0,0.0
Nepali,250,100,15.0,0.0,5.0,5.0,30.0,0.0,40.0,50.0
"          Niger-Congo languages, n.i.e.",75,20,5.0,0.0,5.0,5.0,5.0,5.0,10.0,10.0
Norwegian,75,15,0.0,0.0,5.0,0.0,5.0,5.0,0.0,0.0
Oromo,90,15,0.0,0.0,0.0,10.0,5.0,0.0,0.0,0.0
Panjabi (Punjabi),,,470.0,1125.0,4095.0,895.0,20590.0,370.0,9420.0,9890.0
Pashto,265,125,5.0,0.0,0.0,0.0,85.0,5.0,25.0,35.0
Persian (Farsi),12655,685,85.0,25.0,105.0,120.0,225.0,25.0,100.0,190.0
Polish,3330,660,75.0,55.0,90.0,215.0,90.0,45.0,90.0,170.0
Portuguese,2785,225,10.0,15.0,65.0,30.0,45.0,15.0,45.0,60.0
Romanian,2105,150,15.0,10.0,20.0,25.0,30.0,35.0,15.0,30.0
Rundi (Kirundi),45,15,5.0,0.0,0.0,5.0,10.0,0.0,0.0,5.0
Russian,6320,425,75.0,20.0,40.0,80.0,65.0,90.0,55.0,125.0
Rwanda (Kinyarwanda),20,0,0.0,0.0,0.0,0.0,0.0,0.0,0.0,0.0
"          Semitic languages, n.i.e.",235,170,5.0,0.0,5.0,140.0,10.0,0.0,5.0,10.0
Serbian,1995,110,10.0,5.0,5.0,20.0,20.0,25.0,15.0,25.0
Serbo-Croatian,315,10,0.0,0.0,0.0,5.0,0.0,0.0,5.0,5.0
Shanghainese,300,15,5.0,0.0,0.0,5.0,0.0,5.0,0.0,5.0
"          Sign languages, n.i.e.",450,65,5.0,10.0,10.0,10.0,20.0,0.0,0.0,10.0
Sindhi,380,50,5.0,5.0,10.0,0.0,25.0,5.0,0.0,10.0
Sinhala (Sinhalese),305,135,5.0,5.0,35.0,50.0,30.0,5.0,15.0,20.0
"          Sino-Tibetan languages, n.i.e.",300,120,10.0,0.0,5.0,10.0,5.0,0.0,95.0,105.0
"          Slavic languages, n.i.e.",45,5,0.0,0.0,0.0,0.0,0.0,0.0,0.0,0.0
Slovak,570,55,5.0,5.0,5.0,10.0,10.0,10.0,10.0,15.0
Slovenian,100,5,0.0,0.0,5.0,0.0,0.0,5.0,0.0,0.0
Somali,315,200,10.0,0.0,0.0,30.0,135.0,0.0,25.0,35.0
Spanish,10560,1745,145.0,165.0,200.0,245.0,510.0,110.0,380.0,520.0
Swahili,125,35,0.0,0.0,5.0,10.0,10.0,0.0,10.0,15.0
Swedish,230,10,0.0,0.0,0.0,5.0,0.0,5.0,5.0,5.0
"          Tagalog (Pilipino, Filipino)",16595,3490,330.0,120.0,615.0,905.0,805.0,50.0,670.0,995.0
Taiwanese,1515,225,10.0,5.0,30.0,75.0,25.0,60.0,15.0,25.0
Tamil,960,155,5.0,5.0,35.0,30.0,55.0,0.0,30.0,30.0
Telugu,140,35,0.0,5.0,0.0,5.0,10.0,0.0,10.0,15.0
Thai,475,45,10.0,0.0,10.0,10.0,10.0,5.0,10.0,15.0
Tibetan languages,45,5,0.0,0.0,10.0,0.0,0.0,0.0,0.0,0.0
Tigrigna,160,15,5.0,0.0,5.0,0.0,10.0,0.0,5.0,5.0
Turkish,640,35,5.0,0.0,0.0,15.0,15.0,5.0,0.0,0.0
Ukrainian,595,95,5.0,10.0,15.0,25.0,15.0,15.0,25.0,25.0
Urdu,2725,1645,60.0,40.0,155.0,70.0,1025.0,30.0,265.0,325.0
Vietnamese,9180,2360,145.0,105.0,740.0,545.0,295.0,20.0,500.0,645.0
Yiddish,5,0,0.0,0.0,0.0,0.0,0.0,0.0,0.0,0.0
Other languages,2080,290,35.0,10.0,30.0,30.0,95.0,10.0,90.0,120.0
Multiple responses,,17845,850.0,925.0,2665.0,2495.0,6400.0,875.0,3640.0,4490.0
English and French,2465,235,10.0,25.0,20.0,25.0,65.0,60.0,30.0,40.0
English and non-official language,,17325,820.0,885.0,2605.0,2425.0,6245.0,790.0,3545.0,4365.0
French and non-official language,495,65,5.0,5.0,5.0,10.0,10.0,10.0,30.0,35.0
"      English, French and non-official language",1190,220,15.0,10.0,35.0,30.0,75.0,20.0,35.0,55.0
Detailed other language spoken regularly at home - Total population excluding institutional residents,,,22265.0,54195.0,58650.0,58000.0,131920.0,68260.0,71720.0,93985.0
None,,,17595.0,47675.0,43805.0,43760.0,97645.0,60525.0,53495.0,71085.0
Single responses,,,4580.0,6420.0,14660.0,14025.0,33725.0,7625.0,17990.0,22570.0
English,,,2030.0,2400.0,7120.0,6795.0,17480.0,2940.0,9700.0,11730.0
French,,2430,160.0,385.0,205.0,255.0,520.0,605.0,295.0,455.0
Non-official languages,,,2390.0,3635.0,7335.0,6970.0,15725.0,4075.0,8000.0,10385.0
Selected Aboriginal languages,850,40,10.0,0.0,0.0,5.0,10.0,5.0,15.0,20.0
Atikamekw,0,0,0.0,0.0,0.0,0.0,0.0,0.0,0.0,0.0
"        Cree, n.o.s.",700,25,5.0,0.0,0.0,5.0,5.0,0.0,10.0,15.0
Dene,30,0,0.0,0.0,0.0,0.0,5.0,0.0,0.0,0.0
Innu/Montagnais,0,0,0.0,0.0,0.0,0.0,0.0,0.0,0.0,0.0
Inuktitut,20,5,0.0,0.0,0.0,0.0,0.0,0.0,0.0,0.0
Mi'kmaq,15,0,0.0,0.0,0.0,0.0,0.0,0.0,0.0,0.0
Ojibway,80,5,0.0,0.0,0.0,5.0,5.0,0.0,5.0,0.0
Oji-Cree,0,0,0.0,0.0,0.0,0.0,0.0,0.0,0.0,0.0
Stoney,0,0,0.0,0.0,0.0,0.0,0.0,0.0,0.0,0.0
Selected non-Aboriginal languages,,,2325.0,3590.0,7250.0,6885.0,15525.0,4035.0,7880.0,10210.0
"        African languages, n.i.e.",310,75,20.0,0.0,10.0,10.0,10.0,0.0,25.0,45.0
Afrikaans,1340,65,5.0,5.0,5.0,15.0,5.0,20.0,5.0,10.0
Akan (Twi),260,100,15.0,5.0,20.0,15.0,35.0,0.0,5.0,25.0
Albanian,405,70,10.0,15.0,15.0,25.0,5.0,0.0,5.0,5.0
Amharic,460,110,25.0,0.0,15.0,20.0,25.0,0.0,25.0,50.0
Arabic,3845,825,55.0,35.0,160.0,235.0,160.0,40.0,140.0,195.0
Armenian,320,40,0.0,5.0,5.0,20.0,0.0,10.0,5.0,0.0
"        Bantu languages, n.i.e.",220,35,0.0,5.0,10.0,5.0,5.0,0.0,5.0,5.0
Bengali,570,105,5.0,0.0,10.0,20.0,30.0,5.0,40.0,40.0
Berber languages (Kabyle),5,0,0.0,0.0,0.0,0.0,0.0,0.0,0.0,0.0
Bisayan languages,920,215,30.0,15.0,25.0,40.0,45.0,10.0,45.0,75.0
Bosnian,395,45,5.0,0.0,10.0,5.0,10.0,10.0,0.0,5.0
Bulgarian,495,20,5.0,0.0,10.0,0.0,0.0,0.0,5.0,5.0
Burmese,235,45,15.0,0.0,5.0,10.0,5.0,0.0,10.0,20.0
Cantonese,29240,1070,75.0,105.0,195.0,240.0,220.0,110.0,120.0,195.0
"        Chinese, n.o.s.",20595,1430,100.0,80.0,280.0,395.0,180.0,245.0,145.0,245.0
Creoles,485,145,10.0,10.0,15.0,40.0,40.0,5.0,25.0,35.0
Croatian,3195,305,15.0,40.0,60.0,60.0,50.0,60.0,25.0,40.0
Czech,1940,155,10.0,15.0,15.0,25.0,30.0,50.0,15.0,25.0
Danish,1705,150,10.0,15.0,15.0,15.0,20.0,70.0,10.0,20.0
Dutch,6930,550,10.0,85.0,130.0,60.0,70.0,145.0,40.0,45.0
Estonian,235,25,0.0,0.0,0.0,0.0,0.0,20.0,5.0,0.0
Finnish,1290,105,10.0,20.0,5.0,10.0,20.0,25.0,15.0,20.0
Flemish,125,15,0.0,0.0,0.0,5.0,0.0,0.0,0.0,0.0
Fukien,670,30,0.0,5.0,5.0,10.0,10.0,10.0,0.0,5.0
German,23900,1555,65.0,205.0,175.0,195.0,285.0,500.0,140.0,205.0
Greek,3310,330,10.0,60.0,50.0,45.0,70.0,50.0,45.0,60.0
Gujarati,3190,505,20.0,40.0,65.0,45.0,235.0,55.0,55.0,70.0
Hakka,315,15,0.0,0.0,5.0,5.0,5.0,5.0,0.0,5.0
Hebrew,1085,35,5.0,5.0,0.0,5.0,5.0,5.0,5.0,10.0
Hindi,12695,5600,195.0,155.0,665.0,275.0,2495.0,95.0,1715.0,1910.0
Hungarian,2950,325,30.0,30.0,45.0,70.0,50.0,55.0,45.0,75.0
Ilocano,950,155,25.0,10.0,20.0,45.0,25.0,5.0,30.0,55.0
"        Indo-Iranian languages, n.i.e.",175,40,0.0,0.0,0.0,5.0,20.0,5.0,5.0,5.0
Italian,9605,590,20.0,100.0,100.0,115.0,85.0,125.0,50.0,70.0
Japanese,9055,455,35.0,55.0,75.0,80.0,75.0,75.0,60.0,90.0
Khmer (Cambodian),365,150,15.0,10.0,35.0,25.0,40.0,5.0,25.0,40.0
Korean,6890,930,50.0,90.0,165.0,390.0,65.0,145.0,25.0,75.0
Kurdish,270,20,5.0,0.0,0.0,5.0,10.0,0.0,0.0,0.0
Lao,410,190,5.0,20.0,95.0,40.0,5.0,0.0,25.0,30.0
Latvian,125,5,0.0,0.0,0.0,0.0,5.0,0.0,0.0,0.0
Lingala,65,5,0.0,0.0,0.0,0.0,0.0,0.0,0.0,5.0
Lithuanian,115,5,0.0,0.0,0.0,0.0,0.0,0.0,0.0,0.0
Macedonian,65,5,0.0,5.0,0.0,0.0,0.0,0.0,0.0,0.0
Malay,1445,170,15.0,10.0,30.0,50.0,25.0,15.0,20.0,40.0
Malayalam,520,125,15.0,10.0,25.0,15.0,35.0,5.0,30.0,40.0
Maltese,75,5,0.0,0.0,5.0,0.0,0.0,0.0,0.0,0.0
Mandarin,17920,1500,75.0,70.0,195.0,530.0,190.0,325.0,115.0,185.0
Marathi,130,20,5.0,0.0,5.0,5.0,10.0,5.0,0.0,0.0
Nepali,155,65,10.0,0.0,10.0,0.0,20.0,5.0,15.0,30.0
"        Niger-Congo languages, n.i.e.",290,90,10.0,10.0,10.0,15.0,15.0,0.0,20.0,30.0
Norwegian,720,60,0.0,5.0,10.0,5.0,15.0,15.0,5.0,10.0
Oromo,65,5,0.0,0.0,0.0,0.0,5.0,0.0,0.0,0.0
Panjabi (Punjabi),,14800,245.0,1055.0,2235.0,815.0,7215.0,570.0,2670.0,2915.0
Pashto,235,100,10.0,0.0,5.0,0.0,80.0,0.0,5.0,15.0
Persian (Farsi),7025,420,45.0,25.0,40.0,70.0,145.0,35.0,55.0,105.0
Polish,5450,815,55.0,80.0,155.0,215.0,110.0,95.0,110.0,170.0
Portuguese,5640,520,35.0,70.0,105.0,75.0,95.0,60.0,85.0,115.0
Romanian,2405,210,20.0,20.0,10.0,75.0,35.0,25.0,20.0,40.0
Rundi (Kirundi),45,20,0.0,0.0,5.0,5.0,5.0,0.0,5.0,5.0
Russian,6140,330,45.0,40.0,30.0,65.0,55.0,75.0,25.0,65.0
Rwanda (Kinyarwanda),30,10,0.0,5.0,0.0,0.0,5.0,0.0,0.0,5.0
"        Semitic languages, n.i.e.",160,105,0.0,0.0,0.0,85.0,15.0,0.0,0.0,0.0
Serbian,1855,140,10.0,30.0,5.0,40.0,20.0,35.0,10.0,20.0
Serbo-Croatian,435,25,0.0,0.0,5.0,5.0,5.0,10.0,5.0,5.0
Shanghainese,485,30,5.0,0.0,0.0,5.0,5.0,10.0,0.0,0.0
"        Sign languages, n.i.e.",865,80,5.0,25.0,5.0,10.0,20.0,10.0,10.0,15.0
Sindhi,930,90,5.0,15.0,10.0,0.0,45.0,15.0,5.0,10.0
Sinhala (Sinhalese),575,215,10.0,20.0,60.0,45.0,40.0,0.0,40.0,45.0
"        Sino-Tibetan languages, n.i.e.",65,5,0.0,0.0,0.0,0.0,0.0,0.0,5.0,5.0
"        Slavic languages, n.i.e.",150,5,5.0,0.0,0.0,0.0,0.0,0.0,5.0,10.0
Slovak,1035,115,5.0,20.0,5.0,30.0,25.0,20.0,15.0,20.0
Slovenian,345,30,0.0,5.0,5.0,0.0,10.0,5.0,0.0,0.0
Somali,365,150,10.0,0.0,5.0,25.0,100.0,0.0,10.0,20.0
Spanish,20930,2310,185.0,270.0,250.0,310.0,650.0,265.0,385.0,570.0
Swahili,580,125,20.0,10.0,15.0,15.0,40.0,0.0,20.0,40.0
Swedish,1225,55,5.0,5.0,5.0,10.0,5.0,10.0,5.0,15.0
"        Tagalog (Pilipino, Filipino)",24810,4795,365.0,315.0,895.0,1140.0,1100.0,220.0,760.0,1130.0
Taiwanese,2675,355,20.0,15.0,70.0,130.0,35.0,75.0,10.0,30.0
Tamil,915,190,20.0,15.0,40.0,25.0,60.0,5.0,25.0,50.0
Telugu,195,25,0.0,5.0,0.0,5.0,10.0,0.0,5.0,5.0
Thai,1110,110,10.0,15.0,20.0,15.0,15.0,20.0,10.0,20.0
Tibetan languages,50,15,0.0,0.0,5.0,0.0,0.0,5.0,0.0,0.0
Tigrigna,180,35,0.0,5.0,0.0,5.0,20.0,0.0,5.0,10.0
Turkish,1025,95,10.0,0.0,10.0,15.0,30.0,15.0,15.0,25.0
Ukrainian,1930,175,20.0,20.0,25.0,20.0,20.0,40.0,25.0,45.0
Urdu,2430,985,40.0,55.0,75.0,55.0,560.0,50.0,145.0,190.0
Vietnamese,5945,1305,90.0,80.0,345.0,345.0,195.0,15.0,250.0,335.0
Yiddish,85,10,0.0,0.0,0.0,0.0,0.0,10.0,0.0,0.0
Other languages,10345,595,55.0,45.0,80.0,80.0,190.0,40.0,100.0,155.0
Multiple responses,11455,1475,90.0,105.0,180.0,210.0,550.0,105.0,235.0,325.0
English and French,1090,150,10.0,5.0,5.0,20.0,65.0,10.0,25.0,35.0
English and non-official language,4540,805,35.0,45.0,105.0,110.0,350.0,35.0,125.0,165.0
French and non-official language,5755,505,40.0,50.0,65.0,75.0,125.0,60.0,85.0,125.0
"    English, French and non-official language",65,10,0.0,0.0,0.0,0.0,10.0,0.0,0.0,5.0
Detailed other language spoken regularly at home - Males excluding institutional residents,,,,,,,,,,
,,,11395.0,26710.0,28840.0,28720.0,65565.0,32565.0,36290.0,47685.0
None,,,9120.0,23640.0,21585.0,21825.0,48425.0,29050.0,27155.0,36270.0
Single responses,,,2225.0,3025.0,7175.0,6795.0,16845.0,3470.0,9030.0,11255.0
English,,24470,1005.0,1180.0,3590.0,3355.0,9005.0,1390.0,4945.0,5950.0
French,17315,1150,80.0,160.0,100.0,135.0,235.0,265.0,165.0,250.0
Non-official languages,,22950,1135.0,1685.0,3485.0,3305.0,7610.0,1810.0,3920.0,5050.0
Selected Aboriginal languages,400,10,0.0,0.0,0.0,0.0,0.0,0.0,5.0,10.0
Atikamekw,0,0,0.0,0.0,0.0,0.0,0.0,0.0,0.0,0.0
"          Cree, n.o.s.",340,10,5.0,0.0,0.0,0.0,5.0,0.0,5.0,10.0
Dene,15,0,0.0,0.0,0.0,0.0,0.0,0.0,0.0,0.0
Innu/Montagnais,0,0,0.0,0.0,0.0,0.0,0.0,0.0,0.0,0.0
Inuktitut,10,0,0.0,0.0,0.0,0.0,0.0,0.0,0.0,0.0
Mi'kmaq,5,0,0.0,0.0,0.0,0.0,0.0,0.0,0.0,0.0
Ojibway,30,5,0.0,0.0,0.0,0.0,0.0,0.0,0.0,0.0
Oji-Cree,0,0,0.0,0.0,0.0,0.0,0.0,0.0,0.0,0.0
Stoney,0,0,0.0,0.0,0.0,0.0,0.0,0.0,0.0,0.0
Selected non-Aboriginal languages,,22675,1110.0,1670.0,3455.0,3270.0,7520.0,1790.0,3865.0,4975.0
"          African languages, n.i.e.",170,40,5.0,0.0,5.0,5.0,0.0,0.0,20.0,25.0
Afrikaans,645,35,0.0,5.0,5.0,5.0,5.0,10.0,5.0,5.0
Akan (Twi),135,55,5.0,5.0,10.0,5.0,15.0,5.0,10.0,15.0
Albanian,200,35,5.0,10.0,5.0,10.0,0.0,0.0,0.0,5.0
Amharic,220,50,10.0,0.0,10.0,10.0,10.0,0.0,10.0,20.0
Arabic,2275,430,35.0,20.0,85.0,120.0,85.0,15.0,80.0,110.0
Armenian,160,20,0.0,0.0,5.0,10.0,0.0,0.0,0.0,0.0
"          Bantu languages, n.i.e.",95,10,0.0,5.0,5.0,5.0,5.0,0.0,0.0,0.0
Bengali,285,50,5.0,0.0,5.0,15.0,15.0,0.0,15.0,20.0
Berber languages (Kabyle),0,0,0.0,0.0,0.0,0.0,0.0,0.0,0.0,0.0
Bisayan languages,345,90,10.0,10.0,10.0,15.0,20.0,0.0,25.0,30.0
Bosnian,190,30,0.0,0.0,5.0,5.0,10.0,5.0,0.0,5.0
Bulgarian,215,10,5.0,0.0,5.0,0.0,0.0,0.0,0.0,0.0
Burmese,110,20,10.0,0.0,5.0,5.0,0.0,0.0,5.0,10.0
Cantonese,13950,490,35.0,50.0,105.0,100.0,105.0,55.0,60.0,90.0
"          Chinese, n.o.s.",9830,640,40.0,35.0,130.0,165.0,85.0,110.0,75.0,110.0
Creoles,255,75,5.0,5.0,10.0,20.0,15.0,0.0,10.0,20.0
Croatian,1580,160,10.0,25.0,30.0,35.0,25.0,30.0,10.0,20.0
Czech,900,65,5.0,5.0,5.0,10.0,10.0,20.0,5.0,10.0
Danish,765,70,5.0,5.0,10.0,5.0,10.0,25.0,10.0,10.0
Dutch,3125,240,5.0,40.0,55.0,30.0,25.0,65.0,20.0,25.0
Estonian,100,15,0.0,0.0,5.0,0.0,0.0,5.0,0.0,0.0
Finnish,545,55,0.0,10.0,0.0,10.0,10.0,15.0,5.0,10.0
Flemish,55,5,0.0,0.0,0.0,0.0,0.0,0.0,0.0,0.0
Fukien,295,15,0.0,5.0,0.0,5.0,0.0,5.0,0.0,5.0
German,10935,680,35.0,90.0,70.0,95.0,115.0,205.0,70.0,105.0
Greek,1730,175,0.0,25.0,25.0,25.0,40.0,35.0,30.0,35.0
Gujarati,1485,250,5.0,20.0,35.0,20.0,120.0,25.0,25.0,35.0
Hakka,140,5,0.0,0.0,0.0,0.0,5.0,0.0,0.0,0.0
Hebrew,575,20,5.0,0.0,0.0,5.0,0.0,0.0,5.0,5.0
Hindi,6190,2715,100.0,75.0,325.0,125.0,1200.0,50.0,840.0,935.0
Hungarian,1410,155,15.0,20.0,25.0,35.0,20.0,25.0,25.0,40.0
Ilocano,360,60,5.0,5.0,15.0,15.0,5.0,0.0,15.0,25.0
"          Indo-Iranian languages, n.i.e.",90,15,0.0,0.0,0.0,0.0,10.0,5.0,0.0,5.0
Italian,4715,305,10.0,50.0,45.0,65.0,40.0,65.0,30.0,40.0
Japanese,3630,180,5.0,25.0,35.0,30.0,30.0,30.0,30.0,35.0
Khmer (Cambodian),170,70,10.0,10.0,10.0,10.0,20.0,0.0,10.0,20.0
Korean,3125,455,25.0,35.0,80.0,195.0,30.0,75.0,20.0,40.0
Kurdish,160,10,5.0,0.0,0.0,5.0,5.0,0.0,0.0,5.0
Lao,200,90,5.0,5.0,45.0,15.0,0.0,0.0,15.0,20.0
Latvian,50,5,0.0,0.0,0.0,0.0,5.0,0.0,0.0,0.0
Lingala,25,0,0.0,0.0,0.0,0.0,0.0,0.0,5.0,0.0
Lithuanian,55,0,0.0,0.0,0.0,5.0,0.0,0.0,0.0,5.0
Macedonian,30,5,0.0,0.0,0.0,0.0,0.0,0.0,0.0,0.0
Malay,645,75,10.0,5.0,15.0,20.0,10.0,5.0,5.0,20.0
Malayalam,260,60,5.0,0.0,10.0,5.0,20.0,0.0,10.0,20.0
Maltese,30,0,0.0,0.0,5.0,0.0,0.0,0.0,0.0,0.0
Mandarin,8145,715,40.0,30.0,95.0,255.0,90.0,155.0,50.0,85.0
Marathi,65,10,0.0,0.0,0.0,5.0,0.0,0.0,0.0,0.0
Nepali,80,35,5.0,0.0,5.0,0.0,10.0,0.0,10.0,10.0
"          Niger-Congo languages, n.i.e.",155,50,5.0,15.0,5.0,5.0,5.0,5.0,10.0,15.0
Norwegian,335,25,5.0,5.0,5.0,0.0,5.0,5.0,0.0,5.0
Oromo,40,0,0.0,0.0,0.0,0.0,0.0,0.0,0.0,0.0
Panjabi (Punjabi),17040,7365,120.0,515.0,1080.0,425.0,3610.0,275.0,1340.0,1465.0
Pashto,120,45,10.0,0.0,5.0,0.0,35.0,0.0,5.0,10.0
Persian (Farsi),3725,225,20.0,15.0,15.0,45.0,75.0,20.0,35.0,55.0
Polish,2475,380,30.0,35.0,70.0,90.0,50.0,35.0,65.0,95.0
Portuguese,2625,230,20.0,30.0,40.0,40.0,40.0,25.0,45.0,55.0
Romanian,1140,95,10.0,10.0,5.0,30.0,15.0,15.0,10.0,25.0
Rundi (Kirundi),20,10,0.0,0.0,0.0,0.0,5.0,0.0,5.0,0.0
Russian,2720,140,20.0,20.0,15.0,30.0,25.0,30.0,15.0,25.0
Rwanda (Kinyarwanda),15,5,0.0,0.0,0.0,0.0,0.0,0.0,0.0,0.0
Total population by age groups,,,22925.0,54390.0,59160.0,58180.0,132550.0,69060.0,71995.0,94920.0
0 to 4 years,,29160,1325.0,4320.0,3285.0,2995.0,9545.0,2980.0,4710.0,6035.0
5 to 9 years,,28800,960.0,3715.0,3680.0,3300.0,9130.0,3355.0,4660.0,5620.0
10 to 14 years,,30785,960.0,3455.0,4130.0,4165.0,9120.0,4105.0,4855.0,5815.0
15 to 19 years,,,1165.0,3340.0,4740.0,4900.0,9085.0,4695.0,5205.0,6370.0
15 years,,6795,200.0,705.0,975.0,1035.0,1845.0,970.0,1070.0,1265.0
16 years,,6695,200.0,675.0,1000.0,1020.0,1850.0,920.0,1030.0,1230.0
17 years,,6655,205.0,640.0,1000.0,965.0,1815.0,1015.0,1020.0,1225.0
18 years,,6630,255.0,675.0,950.0,950.0,1820.0,935.0,1050.0,1300.0
19 years,,6355,305.0,650.0,815.0,930.0,1760.0,855.0,1035.0,1345.0
20 to 24 years,,31090,1915.0,3385.0,4235.0,4125.0,8705.0,3530.0,5195.0,7105.0
25 to 29 years,,32275,2345.0,4195.0,3595.0,3600.0,10390.0,2670.0,5475.0,7820.0
30 to 34 years,,32150,1895.0,4550.0,3675.0,3315.0,10630.0,2780.0,5310.0,7200.0
35 to 39 years,,,1725.0,4475.0,3950.0,3695.0,10280.0,3690.0,5085.0,6810.0
40 to 44 years,,,1725.0,4290.0,4590.0,4730.0,9670.0,4750.0,5270.0,6995.0
45 to 49 years,,,1890.0,4205.0,4765.0,5485.0,9190.0,5375.0,5625.0,7515.0
50 to 54 years,,,1745.0,3810.0,4620.0,5015.0,8460.0,5490.0,5195.0,6945.0
55 to 59 years,,29820,1395.0,3160.0,3710.0,3815.0,7670.0,5595.0,4470.0,5870.0
60 to 64 years,,25670,1100.0,2510.0,3155.0,2965.0,6895.0,5355.0,3685.0,4790.0
65 to 69 years,,18530,750.0,1790.0,2125.0,2060.0,5030.0,4185.0,2590.0,3340.0
70 to 74 years,,13585,600.0,1195.0,1605.0,1500.0,3670.0,3100.0,1915.0,2515.0
75 to 79 years,,10175,490.0,880.0,1315.0,1185.0,2390.0,2560.0,1355.0,1845.0
80 to 84 years,,7400,420.0,630.0,1025.0,745.0,1535.0,2205.0,835.0,1255.0
85 years and over,,6880,520.0,470.0,970.0,585.0,1140.0,2640.0,560.0,1075.0
Median age of the total population,41,37,37.6,35.2,37.8,38.8,34.8,47.0,35.5,36.0
% of the total population aged 15 and over,84,81,85.8,78.9,81.3,82.0,79.0,84.9,80.2,81.6
"  Males, total",,,11690.0,26800.0,29020.0,28820.0,65950.0,32815.0,36470.0,48160.0
0 to 4 years,,15115,655.0,2270.0,1715.0,1590.0,4960.0,1485.0,2440.0,3090.0
5 to 9 years,,14820,505.0,1865.0,1840.0,1720.0,4735.0,1700.0,2445.0,2955.0
10 to 14 years,,15955,485.0,1775.0,2130.0,2140.0,4735.0,2110.0,2590.0,3070.0
15 to 19 years,,17230,590.0,1770.0,2530.0,2575.0,4730.0,2400.0,2630.0,3220.0
15 years,27615,3535,100.0,375.0,505.0,550.0,980.0,475.0,550.0,645.0
16 years,28470,3535,110.0,355.0,520.0,545.0,975.0,510.0,525.0,630.0
17 years,28505,3450,100.0,340.0,550.0,510.0,920.0,515.0,510.0,615.0
18 years,28425,3440,125.0,380.0,505.0,475.0,960.0,475.0,525.0,645.0
19 years,28640,3270,155.0,325.0,455.0,500.0,885.0,425.0,525.0,685.0
20 to 24 years,,15750,985.0,1670.0,2150.0,2050.0,4450.0,1805.0,2640.0,3625.0
25 to 29 years,,15835,1255.0,2000.0,1790.0,1805.0,5070.0,1285.0,2640.0,3890.0
30 to 34 years,,15405,985.0,2155.0,1755.0,1540.0,5095.0,1250.0,2625.0,3610.0
35 to 39 years,,15650,885.0,2205.0,1805.0,1675.0,4930.0,1695.0,2465.0,3350.0
40 to 44 years,,17090,905.0,2090.0,2190.0,2240.0,4795.0,2175.0,2690.0,3595.0
45 to 49 years,,18250,1005.0,2110.0,2315.0,2680.0,4670.0,2530.0,2940.0,3945.0
50 to 54 years,,17055,955.0,1845.0,2260.0,2495.0,4215.0,2615.0,2675.0,3625.0
55 to 59 years,,14770,735.0,1535.0,1880.0,1935.0,3760.0,2620.0,2305.0,3040.0
60 to 64 years,,12570,570.0,1225.0,1540.0,1520.0,3305.0,2550.0,1855.0,2425.0
65 to 69 years,,9095,365.0,880.0,1010.0,985.0,2500.0,2075.0,1275.0,1645.0
70 to 74 years,,6560,285.0,580.0,770.0,770.0,1745.0,1465.0,950.0,1235.0
75 to 79 years,,4750,210.0,390.0,605.0,560.0,1145.0,1175.0,655.0,870.0
80 to 84 years,,3240,175.0,270.0,420.0,340.0,685.0,935.0,410.0,585.0
85 years and over,32155,2430,140.0,165.0,305.0,200.0,435.0,955.0,230.0,370.0
Median age of the male population,41,36,37.2,34.8,36.7,38.1,34.2,46.1,35.4,35.8
% of the male population aged 15 and over,83,80,86.0,77.9,80.4,81.1,78.1,83.9,79.5,81.1
"  Females, total",,,11235.0,27585.0,30135.0,29355.0,66600.0,36245.0,35525.0,46760.0
0 to 4 years,,14050,670.0,2050.0,1570.0,1405.0,4585.0,1495.0,2270.0,2940.0
5 to 9 years,,13980,455.0,1855.0,1835.0,1575.0,4395.0,1650.0,2215.0,2665.0
10 to 14 years,,14830,480.0,1680.0,2000.0,2030.0,4385.0,1995.0,2265.0,2745.0
15 to 19 years,,15905,575.0,1570.0,2210.0,2320.0,4360.0,2290.0,2575.0,3150.0
15 years,26105,3260,95.0,335.0,470.0,485.0,865.0,485.0,525.0,620.0
16 years,26410,3160,90.0,320.0,480.0,470.0,875.0,410.0,510.0,600.0
17 years,26885,3210,100.0,300.0,450.0,460.0,890.0,495.0,505.0,610.0
18 years,26955,3185,125.0,295.0,445.0,470.0,860.0,460.0,530.0,660.0
19 years,27140,3085,150.0,325.0,365.0,430.0,870.0,435.0,510.0,660.0
20 to 24 years,,15335,930.0,1710.0,2085.0,2075.0,4255.0,1730.0,2550.0,3485.0
25 to 29 years,,16440,1090.0,2200.0,1805.0,1795.0,5325.0,1385.0,2840.0,3925.0
30 to 34 years,,16745,905.0,2395.0,1925.0,1770.0,5535.0,1530.0,2680.0,3585.0
35 to 39 years,,17250,840.0,2275.0,2150.0,2020.0,5350.0,2000.0,2620.0,3460.0
40 to 44 years,,17945,820.0,2205.0,2395.0,2490.0,4875.0,2580.0,2575.0,3400.0
45 to 49 years,,18280,885.0,2095.0,2445.0,2810.0,4515.0,2845.0,2690.0,3570.0
50 to 54 years,,17285,795.0,1965.0,2360.0,2525.0,4240.0,2880.0,2525.0,3320.0
55 to 59 years,,15050,665.0,1625.0,1825.0,1880.0,3915.0,2975.0,2170.0,2830.0
60 to 64 years,,13100,535.0,1280.0,1615.0,1445.0,3590.0,2805.0,1830.0,2365.0
65 to 69 years,,9440,385.0,915.0,1115.0,1070.0,2535.0,2110.0,1310.0,1695.0
70 to 74 years,,7025,310.0,620.0,835.0,730.0,1925.0,1640.0,965.0,1280.0
75 to 79 years,,5425,280.0,490.0,705.0,625.0,1245.0,1380.0,700.0,980.0
80 to 84 years,,4165,245.0,360.0,605.0,400.0,855.0,1275.0,425.0,670.0
85 years and over,,4450,380.0,305.0,660.0,385.0,705.0,1685.0,330.0,710.0
Median age of the female population,42,38,37.9,35.7,38.9,39.3,35.4,47.6,35.6,36.1
% of the female population aged 15 and over,85,81,85.7,79.7,82.1,83.0,79.9,85.8,81.0,82.1
Total population 15 years and over by marital status,,,19680.0,42890.0,48065.0,47725.0,104750.0,58620.0,57770.0,77445.0
Married (and not separated) or living with a or common-law partner,,,9180.0,27520.0,29275.0,27385.0,66115.0,37295.0,34345.0,43530.0
Married (and not separated),,,7355.0,23930.0,27320.0,24800.0,61750.0,33820.0,31325.0,38675.0
Living common law,,20825,1825.0,3590.0,1955.0,2590.0,4360.0,3475.0,3025.0,4855.0
Not living with a married spouse or common-law partner,,,10500.0,15370.0,18800.0,20335.0,38640.0,21325.0,23420.0,33920.0
Single (never legally married),,,6760.0,10440.0,13235.0,14595.0,26560.0,12530.0,16410.0,23170.0
Separated,,9695,820.0,1110.0,1035.0,1275.0,2625.0,1310.0,1515.0,2340.0
Divorced,,19430,1740.0,2210.0,1965.0,2540.0,4630.0,3460.0,2885.0,4630.0
Widowed,,18730,1175.0,1615.0,2560.0,1920.0,4820.0,4030.0,2605.0,3785.0
Males 15 years and over by marital status,,,,,,,,,,
,,,10045.0,20890.0,23335.0,23375.0,51525.0,27520.0,28995.0,39040.0
Married (and not separated) or living with a or common-law partner,,,4590.0,13700.0,14600.0,13630.0,33050.0,18540.0,17185.0,21775.0
Married (and not separated),,,3670.0,11925.0,13620.0,12340.0,30875.0,16795.0,15675.0,19340.0
Living common law,,10405,920.0,1775.0,980.0,1290.0,2180.0,1745.0,1510.0,2430.0
Not living with a married spouse or common-law partner,,,5455.0,7190.0,8735.0,9745.0,18470.0,8985.0,11810.0,17265.0
Single (never legally married),,,4025.0,5610.0,7135.0,7835.0,14645.0,6490.0,9175.0,13200.0
Separated,,4060,400.0,440.0,420.0,505.0,1130.0,500.0,665.0,1065.0
Divorced,,7765,790.0,820.0,720.0,1035.0,1790.0,1205.0,1400.0,2190.0
Widowed,,3640,240.0,315.0,465.0,365.0,900.0,785.0,575.0,815.0
Females 15 years and over by marital status,,,,,,,,,,
,,,9635.0,22005.0,24730.0,24345.0,53230.0,31100.0,28775.0,38410.0
Married (and not separated) or living with a or common-law partner,,,4590.0,13815.0,14675.0,13755.0,33065.0,18755.0,17165.0,21755.0
Married (and not separated),,,3680.0,12000.0,13695.0,12460.0,30875.0,17025.0,15650.0,19335.0
Living common law,,10420,905.0,1815.0,975.0,1295.0,2185.0,1735.0,1515.0,2420.0
Not living with a married spouse or common-law partner,,,5045.0,8185.0,10060.0,10590.0,20170.0,12345.0,11610.0,16655.0
Single (never legally married),,,2735.0,4825.0,6100.0,6755.0,11915.0,6035.0,7235.0,9975.0
Separated,,5635,425.0,665.0,615.0,770.0,1490.0,810.0,850.0,1275.0
Divorced,,11665,950.0,1390.0,1245.0,1505.0,2840.0,2255.0,1485.0,2435.0
Widowed,,15090,940.0,1300.0,2095.0,1550.0,3925.0,3245.0,2035.0,2970.0
Total number of persons in private households,,,,,,,,,,
,,,22065.0,54110.0,58435.0,57880.0,131820.0,67340.0,71690.0,93755.0
Number of persons not in census families,,,6425.0,6645.0,6215.0,7460.0,14720.0,8930.0,9400.0,15830.0
Living with relatives,,15055,735.0,1355.0,2010.0,1800.0,5160.0,1040.0,2955.0,3690.0
Living with non-relatives only,,14605,1745.0,1815.0,1455.0,1845.0,3280.0,1595.0,2865.0,4610.0
Living alone,,30145,3940.0,3480.0,2750.0,3820.0,6275.0,6290.0,3590.0,7530.0
Number of census family persons,,,15645.0,47460.0,52220.0,50410.0,117100.0,58410.0,62285.0,77930.0
Total number of males in private households,,,,,,,,,,
,,,11320.0,26690.0,28790.0,28640.0,65495.0,32200.0,36270.0,47590.0
Number of persons not in census families,,,,,,,,,,
,,28530,3725.0,3115.0,2700.0,3640.0,6935.0,3380.0,5040.0,8760.0
Living with relatives,,5725,340.0,530.0,685.0,695.0,1900.0,395.0,1175.0,1515.0
Living with non-relatives only,,8405,1120.0,955.0,790.0,1055.0,1915.0,785.0,1780.0,2900.0
Living alone,,14400,2255.0,1625.0,1225.0,1885.0,3120.0,2195.0,2090.0,4345.0
Number of census family persons,,,,,,,,,,
,,,7595.0,23575.0,26095.0,25000.0,58560.0,28820.0,31230.0,38825.0
Total number of females in private households,,,,,,,,,,
,,,10750.0,27420.0,29645.0,29235.0,66330.0,35145.0,35420.0,46165.0
Number of persons not in census families,,,,,,,,,,
,,31275,2700.0,3535.0,3515.0,3825.0,7785.0,5555.0,4365.0,7065.0
Living with relatives,,9325,390.0,820.0,1320.0,1105.0,3260.0,645.0,1780.0,2175.0
Living with non-relatives only,,6200,625.0,865.0,670.0,790.0,1360.0,810.0,1075.0,1705.0
Living alone,,15745,1685.0,1850.0,1525.0,1930.0,3160.0,4095.0,1505.0,3185.0
Number of census family persons,,,,,,,,,,
,,,8050.0,23885.0,26130.0,25410.0,58540.0,29595.0,31055.0,39100.0
Total number of persons aged 65 years and over in private households,,,,,,,,,,
,,,2140.0,4765.0,6445.0,5970.0,13600.0,13340.0,7245.0,9385.0
Number of persons not in census families aged 65 years and over,,16255,990.0,1445.0,1935.0,1835.0,4040.0,3870.0,2140.0,3130.0
Living with relatives,,5500,135.0,435.0,810.0,565.0,2070.0,415.0,1070.0,1210.0
Living with non-relatives only,13560,1070,65.0,115.0,110.0,135.0,220.0,210.0,210.0,275.0
Living alone,,9680,785.0,900.0,1010.0,1135.0,1750.0,3240.0,865.0,1645.0
Number of census family persons aged 65 years and over,,,1155.0,3320.0,4510.0,4140.0,9560.0,9465.0,5100.0,6250.0
Total number of males aged 65 years and over in private households,,,,,,,,,,
,,25130,985.0,2230.0,2955.0,2805.0,6440.0,6185.0,3520.0,4505.0
Number of persons not in census families aged 65 years and over,,4695,380.0,420.0,485.0,550.0,1110.0,1015.0,735.0,1120.0
Living with relatives,7490,1305,35.0,100.0,175.0,120.0,495.0,95.0,280.0,315.0
Living with non-relatives only,6765,540,40.0,60.0,45.0,75.0,105.0,100.0,115.0,160.0
Living alone,,2850,300.0,260.0,260.0,360.0,510.0,820.0,345.0,645.0
Number of census family persons aged 65 years and over,,20430,605.0,1815.0,2470.0,2255.0,5330.0,5175.0,2785.0,3385.0
Total number of females aged 65 years and over in private households,,,,,,,,,,
,,28370,1160.0,2535.0,3490.0,3165.0,7155.0,7155.0,3720.0,4880.0
Number of persons not in census families aged 65 years and over,,11555,610.0,1025.0,1450.0,1280.0,2930.0,2860.0,1405.0,2010.0
Living with relatives,25405,4200,100.0,335.0,630.0,440.0,1575.0,325.0,790.0,895.0
Living with non-relatives only,6790,525,20.0,60.0,65.0,60.0,120.0,115.0,95.0,115.0
Living alone,,6830,485.0,635.0,750.0,775.0,1235.0,2420.0,520.0,1000.0
Number of census family persons aged 65 years and over,,16820,550.0,1505.0,2040.0,1880.0,4230.0,4295.0,2315.0,2865.0
Total number of census families in private households,,,5610.0,15675.0,16460.0,16100.0,36965.0,20510.0,19745.0,25355.0
Size of census family: 2 persons,,,3030.0,6750.0,6245.0,6360.0,14210.0,10740.0,7805.0,10830.0
Size of census family: 3 persons,,29295,1300.0,3585.0,3730.0,3800.0,8445.0,4040.0,4390.0,5690.0
Size of census family: 4 persons,,32160,865.0,3890.0,4440.0,4040.0,9670.0,4180.0,5080.0,5940.0
Size of census family: 5 or more persons,,14475,410.0,1445.0,2040.0,1905.0,4640.0,1555.0,2475.0,2890.0
Total number of census families in private households,,,5605.0,15670.0,16455.0,16100.0,36965.0,20510.0,19745.0,25355.0
Total couple families by family structure and number of children,,,4325.0,13555.0,14110.0,13280.0,31705.0,18070.0,16490.0,20815.0
Married couples,,,3420.0,11760.0,13135.0,11995.0,29520.0,16355.0,14980.0,18395.0
Without children at home,,,1515.0,4420.0,4420.0,3950.0,10060.0,8105.0,5105.0,6615.0
With children at home,,,1900.0,7340.0,8720.0,8040.0,19460.0,8240.0,9875.0,11780.0
1 child,,21465,855.0,2565.0,2785.0,2760.0,6355.0,2985.0,3170.0,4025.0
2 children,,28930,695.0,3490.0,4045.0,3570.0,8825.0,3830.0,4460.0,5165.0
3 or more children,,13185,350.0,1285.0,1895.0,1710.0,4280.0,1430.0,2245.0,2595.0
Common-law couples,,10380,915.0,1795.0,975.0,1290.0,2180.0,1725.0,1510.0,2420.0
Without children at home,,6245,660.0,1085.0,535.0,730.0,1265.0,1160.0,805.0,1475.0
With children at home,,4140,250.0,710.0,435.0,565.0,915.0,565.0,700.0,950.0
1 child,27565,1990,155.0,365.0,190.0,275.0,415.0,280.0,315.0,470.0
2 children,19150,1455,60.0,240.0,170.0,190.0,330.0,195.0,270.0,335.0
3 or more children,8220,690,35.0,110.0,80.0,100.0,170.0,90.0,110.0,150.0
Total lone-parent families by sex of parent and number of children,,19530,1280.0,2115.0,2350.0,2820.0,5265.0,2445.0,3255.0,4540.0
Female parent,,15555,1065.0,1670.0,1870.0,2240.0,4255.0,1955.0,2500.0,3565.0
1 child,,8795,700.0,950.0,1005.0,1305.0,2280.0,1165.0,1380.0,2080.0
2 children,,4755,245.0,535.0,620.0,625.0,1370.0,630.0,730.0,980.0
3 or more children,14835,2005,115.0,180.0,250.0,305.0,600.0,165.0,385.0,505.0
Male parent,,3975,215.0,445.0,480.0,580.0,1010.0,490.0,760.0,975.0
1 child,27280,2525,145.0,290.0,290.0,375.0,605.0,310.0,510.0,660.0
2 children,10510,1085,45.0,130.0,140.0,140.0,305.0,150.0,175.0,220.0
3 or more children,3005,365,25.0,35.0,55.0,60.0,100.0,25.0,70.0,95.0
Total children in census families in private households,,,5710.0,18235.0,21655.0,21030.0,48425.0,19830.0,26050.0,31755.0
Under six years of age,,,1510.0,5085.0,3925.0,3530.0,11305.0,3600.0,5535.0,7045.0
6 to 14 years,,,1705.0,6325.0,7040.0,6795.0,16240.0,6760.0,8520.0,10220.0
15 to 17 years,,19490,570.0,1950.0,2890.0,2900.0,5350.0,2825.0,3005.0,3575.0
18 to 24 years,,,1130.0,3380.0,5035.0,4955.0,9600.0,4645.0,5530.0,6660.0
25 years and over,,19275,795.0,1490.0,2760.0,2840.0,5935.0,1995.0,3455.0,4255.0
Average number of children at home per census family,1,1,1.0,1.2,1.3,1.3,1.3,1.0,1.3,1.3
Average number of persons per census family,2,3,2.8,3.0,3.2,3.1,3.2,2.8,3.2,3.1
Total number of private households by household type,,,10035.0,18940.0,17805.0,19515.0,38475.0,26810.0,21275.0,31300.0
Census family households,,,5320.0,14875.0,14595.0,15005.0,31050.0,19940.0,16710.0,22035.0
One-family only households,,,4545.0,12730.0,11350.0,12545.0,22390.0,18320.0,11895.0,16445.0
Couple family households,,,3580.0,11170.0,9880.0,10500.0,19120.0,16320.0,9960.0,13540.0
Without children,,31255,1860.0,4525.0,3290.0,3610.0,6245.0,8460.0,3260.0,5125.0
With children,,,1720.0,6645.0,6585.0,6890.0,12880.0,7860.0,6700.0,8410.0
Lone-parent family households,,13245,965.0,1555.0,1475.0,2050.0,3265.0,2000.0,1935.0,2905.0
Other family households,,23720,775.0,2145.0,3245.0,2460.0,8660.0,1620.0,4815.0,5585.0
One-family households with persons not in a census family,,12040,515.0,1415.0,1610.0,1460.0,3715.0,1080.0,2250.0,2765.0
Couple family households,,9475,335.0,1110.0,1325.0,1100.0,3065.0,820.0,1725.0,2060.0
Without children,23805,2125,115.0,310.0,260.0,255.0,535.0,270.0,380.0,495.0
With children,,7355,220.0,800.0,1060.0,840.0,2535.0,550.0,1345.0,1570.0
Lone-parent family households,25085,2565,175.0,300.0,295.0,360.0,650.0,255.0,525.0,700.0
Two-or-more-family households,,11675,260.0,735.0,1630.0,1005.0,4945.0,545.0,2565.0,2825.0
Non-census family households,,,4710.0,4060.0,3215.0,4505.0,7425.0,6870.0,4560.0,9270.0
One-person households,,30140,3940.0,3475.0,2750.0,3820.0,6275.0,6290.0,3590.0,7530.0
Two-or-more-person households,,5200,765.0,585.0,465.0,685.0,1145.0,580.0,970.0,1740.0
Total number of private households by household size,,,10030.0,18935.0,17805.0,19515.0,38475.0,26810.0,21270.0,31305.0
1 person,,30145,3940.0,3480.0,2750.0,3825.0,6280.0,6290.0,3585.0,7530.0
2 persons,,,3125.0,5910.0,4440.0,5365.0,8905.0,10130.0,5075.0,8200.0
3 persons,,25100,1360.0,3395.0,3030.0,3450.0,6325.0,4035.0,3500.0,4865.0
4 persons,,27760,865.0,3740.0,3780.0,3810.0,7460.0,4150.0,3955.0,4815.0
5 persons,,13625,415.0,1490.0,1955.0,1725.0,4200.0,1525.0,2315.0,2730.0
6 or more persons,,13275,330.0,925.0,1855.0,1340.0,5310.0,685.0,2835.0,3165.0
Total number of persons in private households,,,22065.0,54110.0,58440.0,57875.0,131820.0,67340.0,71690.0,93755.0
Average number of persons in private households,2,3,2.2,2.9,3.3,3.0,3.4,2.5,3.4,3.0
Total number of occupied private dwellings by structural type of dwelling,,,10030.0,18940.0,17805.0,19515.0,38475.0,26810.0,21270.0,31305.0
Single-detached house,,,1155.0,10415.0,7450.0,7885.0,13170.0,16340.0,8105.0,9260.0
"  Apartment, building that has five or more storeys",,3795,2645.0,140.0,65.0,655.0,120.0,5.0,170.0,2810.0
Movable dwelling,,1440,55.0,10.0,260.0,85.0,610.0,270.0,150.0,205.0
Other dwelling,,,6180.0,8370.0,10035.0,10890.0,24580.0,10205.0,12845.0,19020.0
Semi-detached house,,3345,170.0,485.0,335.0,70.0,645.0,1220.0,425.0,595.0
Row house,,20895,985.0,3980.0,3005.0,1770.0,6190.0,3680.0,1295.0,2275.0
"    Apartment, duplex",,27410,720.0,2145.0,4895.0,2740.0,8880.0,1120.0,6910.0,7630.0
"    Apartment, building that has fewer than five storeys",,31345,4285.0,1745.0,1790.0,6310.0,8845.0,4170.0,4200.0,8485.0
Other single-attached house,2880,100,15.0,15.0,10.0,0.0,20.0,20.0,20.0,35.0
Detailed mother tongue - Total population excluding institutional residents,,,22265.0,54190.0,58650.0,57995.0,131925.0,68260.0,71715.0,93985.0
Single responses,,,21425.0,53195.0,56420.0,55865.0,126760.0,67375.0,68735.0,90155.0
English,,,12005.0,42210.0,27425.0,28550.0,49560.0,52380.0,28355.0,40365.0
French,,3480,280.0,435.0,355.0,425.0,760.0,815.0,400.0,680.0
Non-official languages,,,9130.0,10545.0,28645.0,26895.0,76435.0,14180.0,39980.0,49110.0
Selected Aboriginal languages,1210,65,5.0,5.0,0.0,5.0,15.0,5.0,20.0,35.0
Atikamekw,0,0,0.0,0.0,0.0,0.0,0.0,0.0,0.0,0.0
"        Cree, n.o.s.",955,40,10.0,5.0,5.0,5.0,10.0,0.0,15.0,25.0
Dene,70,5,0.0,0.0,0.0,0.0,0.0,0.0,5.0,0.0
Innu/Montagnais,5,0,0.0,0.0,0.0,0.0,0.0,0.0,0.0,0.0
Inuktitut,25,0,0.0,0.0,0.0,0.0,0.0,0.0,0.0,0.0
Greek,6245,570,20.0,70.0,90.0,80.0,145.0,90.0,80.0,105.0
Gujarati,6595,1240,45.0,45.0,110.0,100.0,685.0,65.0,190.0,235.0
Hakka,1110,75,5.0,0.0,10.0,20.0,20.0,10.0,5.0,10.0
Hebrew,1755,50,10.0,0.0,0.0,5.0,15.0,20.0,5.0,10.0
Hindi,24635,12230,465.0,270.0,1455.0,535.0,5280.0,110.0,4115.0,4585.0
Hungarian,9850,1030,85.0,95.0,110.0,210.0,205.0,160.0,155.0,245.0
Ilocano,3755,655,85.0,20.0,135.0,125.0,130.0,15.0,145.0,225.0
"        Indo-Iranian languages, n.i.e.",470,125,5.0,0.0,20.0,0.0,65.0,5.0,25.0,30.0
Italian,24060,1395,35.0,195.0,220.0,300.0,225.0,305.0,110.0,150.0
Japanese,19670,950,60.0,95.0,125.0,185.0,175.0,185.0,120.0,180.0
Khmer (Cambodian),1465,600,40.0,55.0,140.0,75.0,145.0,5.0,140.0,185.0
Korean,,7745,570.0,765.0,1535.0,3275.0,285.0,1165.0,140.0,710.0
Kurdish,1415,120,5.0,5.0,30.0,25.0,50.0,0.0,5.0,5.0
Lao,1155,580,10.0,30.0,285.0,135.0,40.0,0.0,75.0,90.0
Latvian,615,35,0.0,0.0,5.0,0.0,5.0,20.0,0.0,0.0
Lingala,35,0,0.0,0.0,0.0,0.0,0.0,0.0,5.0,0.0
Lithuanian,430,30,0.0,5.0,5.0,5.0,5.0,10.0,0.0,0.0
Macedonian,270,15,0.0,0.0,5.0,5.0,0.0,5.0,5.0,5.0
Malay,3535,355,65.0,30.0,60.0,85.0,50.0,35.0,35.0,100.0
Malayalam,,,,,,,,,,
,1460,390,25.0,20.0,75.0,30.0,180.0,5.0,60.0,85.0
Maltese,225,15,0.0,0.0,0.0,0.0,5.0,0.0,0.0,0.0
Mandarin,,10050,745.0,375.0,1445.0,3300.0,1020.0,2705.0,470.0,1210.0
Marathi,430,55,0.0,5.0,15.0,10.0,10.0,10.0,5.0,5.0
Nepali,810,300,50.0,0.0,20.0,25.0,90.0,0.0,110.0,160.0
"        Niger-Congo languages, n.i.e.",470,135,30.0,10.0,10.0,25.0,25.0,0.0,30.0,65.0
Norwegian,2370,205,10.0,25.0,25.0,10.0,30.0,65.0,35.0,45.0
Oromo,325,45,5.0,0.0,0.0,20.0,15.0,0.0,5.0,5.0
Panjabi (Punjabi),,,1190.0,3295.0,11010.0,2790.0,51170.0,1350.0,22985.0,24175.0
Pashto,905,385,35.0,0.0,15.0,10.0,245.0,10.0,70.0,105.0
Persian (Farsi),,2030,245.0,90.0,275.0,355.0,670.0,110.0,280.0,525.0
Polish,17460,2740,265.0,250.0,385.0,790.0,415.0,265.0,365.0,635.0
Portuguese,14605,1350,65.0,160.0,310.0,185.0,260.0,155.0,220.0,280.0
Romanian,8330,630,60.0,60.0,70.0,150.0,110.0,110.0,65.0,130.0
Rundi (Kirundi),135,45,10.0,0.0,0.0,5.0,15.0,0.0,15.0,25.0
Russian,22645,1375,190.0,135.0,130.0,235.0,215.0,300.0,170.0,365.0
Rwanda (Kinyarwanda),85,20,0.0,5.0,0.0,0.0,10.0,0.0,0.0,5.0
"        Semitic languages, n.i.e.",690,455,10.0,0.0,10.0,365.0,40.0,0.0,30.0,35.0
Serbian,6655,460,50.0,35.0,25.0,110.0,70.0,120.0,50.0,95.0
Serbo-Croatian,1430,80,5.0,10.0,10.0,15.0,15.0,20.0,5.0,15.0
Shanghainese,1250,45,10.0,5.0,0.0,20.0,5.0,5.0,5.0,10.0
"        Sign languages, n.i.e.",645,90,0.0,20.0,15.0,10.0,35.0,5.0,10.0,15.0
Sindhi,1770,210,15.0,15.0,35.0,10.0,95.0,20.0,20.0,30.0
Sinhala (Sinhalese),1405,530,30.0,25.0,135.0,150.0,125.0,5.0,70.0,90.0
"        Sino-Tibetan languages, n.i.e.",775,305,40.0,0.0,20.0,25.0,5.0,5.0,210.0,250.0
"        Slavic languages, n.i.e.",495,40,0.0,5.0,10.0,5.0,5.0,5.0,10.0,15.0
Slovak,3220,295,20.0,45.0,25.0,60.0,50.0,50.0,50.0,70.0
Slovenian,1230,100,0.0,20.0,25.0,5.0,25.0,20.0,10.0,15.0
Somali,975,535,35.0,0.0,10.0,65.0,365.0,0.0,65.0,100.0
Spanish,,5860,500.0,595.0,625.0,800.0,1665.0,480.0,1195.0,1695.0
Swahili,755,165,35.0,10.0,20.0,15.0,40.0,5.0,35.0,70.0
Swedish,2735,145,5.0,15.0,10.0,30.0,15.0,45.0,15.0,20.0
"        Tagalog (Pilipino, Filipino)",,13745,1115.0,700.0,2590.0,3480.0,3105.0,430.0,2325.0,3440.0
Taiwanese,5675,750,40.0,30.0,115.0,260.0,100.0,170.0,30.0,70.0
Tamil,3135,530,25.0,40.0,100.0,85.0,185.0,10.0,80.0,100.0
Telugu,565,100,15.0,5.0,5.0,10.0,35.0,10.0,25.0,40.0
Thai,2405,200,30.0,15.0,45.0,25.0,35.0,30.0,25.0,60.0
Tibetan languages,200,40,5.0,5.0,25.0,0.0,0.0,5.0,5.0,5.0
Tigrigna,590,90,5.0,5.0,5.0,15.0,50.0,0.0,15.0,20.0
Turkish,2885,190,20.0,10.0,20.0,50.0,55.0,30.0,10.0,30.0
Ukrainian,9680,910,70.0,100.0,125.0,130.0,125.0,255.0,105.0,170.0
Urdu,8450,4500,160.0,140.0,395.0,215.0,2770.0,115.0,705.0,865.0
Vietnamese,25105,6035,350.0,315.0,1775.0,1460.0,855.0,60.0,1225.0,1575.0
Yiddish,350,20,0.0,5.0,0.0,0.0,5.0,10.0,0.0,0.0
Other languages,15585,1325,130.0,75.0,180.0,190.0,375.0,65.0,315.0,445.0
Multiple responses,,15230,840.0,1000.0,2225.0,2130.0,5160.0,885.0,2985.0,3830.0
English and French,8600,635,30.0,100.0,60.0,85.0,150.0,145.0,70.0,105.0
English and non-official language,,14055,775.0,860.0,2080.0,1960.0,4875.0,675.0,2830.0,3605.0
French and non-official language,3345,350,30.0,30.0,65.0,45.0,70.0,40.0,65.0,100.0
"    English, French and non-official language",1530,185,5.0,10.0,20.0,40.0,70.0,25.0,15.0,25.0
Detailed mother tongue - Males excluding institutional residents,,,,,,,,,,
,,,11395.0,26715.0,28840.0,28725.0,65560.0,32570.0,36295.0,47680.0
Single responses,,,10985.0,26230.0,27770.0,27670.0,62985.0,32160.0,34810.0,45800.0
English,,,6410.0,21035.0,13765.0,14505.0,25025.0,25215.0,14835.0,21245.0
French,28315,1715,170.0,210.0,170.0,235.0,365.0,360.0,210.0,375.0
Non-official languages,,,4415.0,4980.0,13840.0,12930.0,37590.0,6585.0,19760.0,24180.0
Selected Aboriginal languages,540,20,5.0,0.0,0.0,0.0,5.0,0.0,10.0,15.0
Atikamekw,0,0,0.0,0.0,0.0,0.0,0.0,0.0,0.0,0.0
"          Cree, n.o.s.",430,20,5.0,0.0,0.0,0.0,5.0,0.0,10.0,10.0
Dene,35,0,0.0,0.0,0.0,0.0,0.0,0.0,0.0,0.0
Innu/Montagnais,5,0,0.0,0.0,0.0,0.0,0.0,0.0,0.0,0.0
Inuktitut,10,0,0.0,0.0,0.0,0.0,0.0,0.0,0.0,0.0
Mi'kmaq,10,0,0.0,0.0,0.0,0.0,0.0,0.0,0.0,0.0
Ojibway,50,0,5.0,0.0,0.0,0.0,0.0,0.0,0.0,0.0
Oji-Cree,0,0,0.0,0.0,0.0,0.0,0.0,0.0,0.0,0.0
Stoney,5,0,0.0,0.0,0.0,0.0,0.0,0.0,0.0,0.0
Selected non-Aboriginal languages,,,4340.0,4950.0,13755.0,12840.0,37420.0,6560.0,19590.0,23930.0
"          African languages, n.i.e.",325,90,15.0,5.0,5.0,20.0,20.0,0.0,20.0,30.0
Afrikaans,1330,85,5.0,20.0,5.0,15.0,5.0,40.0,5.0,5.0
Akan (Twi),240,70,10.0,5.0,15.0,15.0,25.0,0.0,10.0,15.0
Albanian,695,125,25.0,15.0,15.0,60.0,5.0,0.0,5.0,30.0
Amharic,615,130,20.0,0.0,25.0,25.0,35.0,0.0,25.0,40.0
Arabic,7505,1555,135.0,65.0,250.0,515.0,330.0,40.0,220.0,355.0
Armenian,560,40,0.0,5.0,0.0,15.0,5.0,5.0,5.0,5.0
"          Bantu languages, n.i.e.",240,45,10.0,5.0,5.0,10.0,15.0,0.0,5.0,15.0
Bengali,1265,235,25.0,0.0,30.0,40.0,80.0,10.0,40.0,65.0
Berber languages (Kabyle),10,0,0.0,0.0,0.0,0.0,0.0,0.0,0.0,0.0
Bisayan languages,1440,315,35.0,15.0,30.0,75.0,75.0,10.0,75.0,110.0
Bosnian,635,75,5.0,5.0,10.0,25.0,15.0,5.0,5.0,10.0
Bulgarian,955,45,5.0,5.0,10.0,5.0,5.0,10.0,5.0,5.0
Burmese,485,135,40.0,0.0,5.0,30.0,10.0,0.0,50.0,95.0
Cantonese,,1835,115.0,120.0,385.0,510.0,285.0,155.0,265.0,380.0
"          Chinese, n.o.s.",,3630,340.0,175.0,620.0,1035.0,390.0,730.0,350.0,690.0
Creoles,315,100,10.0,5.0,5.0,20.0,30.0,5.0,35.0,40.0
Croatian,3865,380,20.0,45.0,75.0,80.0,50.0,65.0,45.0,65.0
Czech,2800,250,20.0,25.0,35.0,50.0,35.0,65.0,25.0,40.0
Danish,2570,235,10.0,25.0,20.0,25.0,25.0,100.0,25.0,35.0
Dutch,11185,825,35.0,145.0,155.0,100.0,105.0,210.0,80.0,110.0
Estonian,345,35,0.0,5.0,5.0,5.0,0.0,20.0,0.0,5.0
Finnish,1705,120,10.0,15.0,10.0,25.0,20.0,30.0,10.0,20.0
Flemish,215,25,0.0,0.0,5.0,5.0,5.0,10.0,0.0,0.0
Fukien,835,55,5.0,0.0,5.0,15.0,15.0,5.0,10.0,15.0
German,,2285,105.0,320.0,230.0,290.0,385.0,720.0,230.0,335.0
Greek,3360,320,10.0,30.0,50.0,50.0,75.0,50.0,55.0,60.0
Gujarati,3060,605,25.0,20.0,60.0,50.0,340.0,30.0,90.0,110.0
Hakka,475,35,5.0,0.0,0.0,5.0,10.0,5.0,0.0,0.0
Hebrew,970,30,5.0,0.0,0.0,0.0,5.0,10.0,5.0,10.0
Hindi,11840,5860,230.0,130.0,725.0,265.0,2490.0,55.0,1970.0,2200.0
Hungarian,4915,520,40.0,50.0,55.0,110.0,100.0,80.0,85.0,130.0
Ilocano,1460,285,35.0,5.0,60.0,50.0,60.0,5.0,60.0,95.0
"          Indo-Iranian languages, n.i.e.",270,70,5.0,0.0,15.0,0.0,30.0,0.0,15.0,20.0
Italian,12180,765,15.0,100.0,110.0,170.0,125.0,170.0,70.0,80.0
Japanese,6840,355,15.0,35.0,50.0,80.0,60.0,65.0,45.0,60.0
Khmer (Cambodian),695,290,15.0,30.0,70.0,35.0,70.0,5.0,70.0,85.0
Korean,22350,3675,265.0,355.0,735.0,1565.0,140.0,545.0,65.0,335.0
Kurdish,775,70,5.0,5.0,20.0,10.0,25.0,0.0,0.0,5.0
Lao,550,280,10.0,10.0,140.0,70.0,15.0,0.0,35.0,45.0
Latvian,300,25,0.0,0.0,0.0,0.0,5.0,15.0,0.0,0.0
Lingala,15,0,0.0,0.0,0.0,0.0,0.0,0.0,5.0,0.0
Lithuanian,190,15,0.0,0.0,5.0,0.0,0.0,5.0,0.0,0.0
Macedonian,130,5,0.0,0.0,5.0,0.0,0.0,0.0,0.0,0.0
Malay,1590,160,35.0,15.0,20.0,40.0,20.0,10.0,15.0,50.0
Malayalam,730,200,10.0,5.0,35.0,15.0,95.0,5.0,30.0,45.0
Maltese,110,5,5.0,5.0,0.0,0.0,5.0,5.0,0.0,0.0
Mandarin,,4855,360.0,175.0,720.0,1595.0,480.0,1300.0,220.0,580.0
Marathi,225,25,0.0,0.0,10.0,5.0,5.0,5.0,5.0,0.0
Nepali,430,155,20.0,0.0,15.0,10.0,50.0,5.0,60.0,85.0
"          Niger-Congo languages, n.i.e.",250,70,20.0,5.0,5.0,15.0,10.0,0.0,15.0,35.0
Norwegian,1155,95,5.0,10.0,10.0,5.0,10.0,35.0,20.0,25.0
Oromo,185,20,0.0,0.0,0.0,10.0,5.0,0.0,0.0,5.0
Panjabi (Punjabi),,,575.0,1615.0,5445.0,1375.0,25605.0,665.0,11500.0,12080.0
Pashto,485,190,15.0,0.0,5.0,10.0,115.0,5.0,40.0,55.0
Persian (Farsi),18270,1045,130.0,50.0,145.0,185.0,325.0,60.0,145.0,275.0
Polish,8185,1340,135.0,120.0,185.0,375.0,200.0,120.0,200.0,335.0
Portuguese,6990,660,40.0,75.0,140.0,95.0,120.0,80.0,110.0,150.0
Romanian,4110,320,35.0,30.0,35.0,75.0,55.0,55.0,35.0,70.0
Rundi (Kirundi),60,25,5.0,0.0,0.0,0.0,10.0,0.0,5.0,15.0
Russian,10300,630,85.0,70.0,60.0,105.0,85.0,135.0,80.0,170.0
Rwanda (Kinyarwanda),40,5,0.0,0.0,0.0,0.0,5.0,0.0,0.0,0.0
"          Semitic languages, n.i.e.",350,225,5.0,0.0,0.0,185.0,25.0,0.0,15.0,20.0
Serbian,3425,250,30.0,20.0,20.0,65.0,30.0,55.0,30.0,60.0
Serbo-Croatian,675,40,0.0,10.0,5.0,5.0,10.0,10.0,5.0,5.0
Shanghainese,530,20,0.0,0.0,5.0,5.0,0.0,0.0,0.0,5.0
"          Sign languages, n.i.e.",335,45,0.0,10.0,5.0,5.0,15.0,5.0,5.0,5.0
Sindhi,795,100,10.0,10.0,15.0,5.0,40.0,10.0,10.0,15.0
Sinhala (Sinhalese),715,260,15.0,15.0,70.0,70.0,65.0,0.0,30.0,45.0
"          Sino-Tibetan languages, n.i.e.",400,160,25.0,0.0,10.0,20.0,0.0,5.0,105.0,125.0
"          Slavic languages, n.i.e.",270,20,5.0,5.0,5.0,5.0,0.0,5.0,5.0,5.0
Slovak,1440,130,5.0,15.0,10.0,30.0,25.0,20.0,25.0,30.0
Slovenian,595,50,0.0,10.0,10.0,5.0,10.0,10.0,10.0,10.0
Somali,495,260,15.0,0.0,5.0,25.0,175.0,0.0,35.0,55.0
Spanish,19325,2835,245.0,285.0,305.0,370.0,775.0,225.0,625.0,875.0
Swahili,390,85,15.0,5.0,15.0,10.0,25.0,0.0,25.0,35.0
Swedish,1195,60,5.0,5.0,5.0,15.0,5.0,15.0,10.0,15.0
"          Tagalog (Pilipino, Filipino)",25835,5955,470.0,275.0,1165.0,1560.0,1355.0,115.0,1015.0,1490.0
Taiwanese,2640,360,15.0,15.0,55.0,130.0,50.0,90.0,15.0,30.0
Tamil,1640,275,15.0,20.0,45.0,45.0,105.0,0.0,40.0,55.0
Telugu,295,55,5.0,5.0,5.0,5.0,20.0,5.0,15.0,20.0
Thai,725,60,15.0,5.0,10.0,10.0,5.0,5.0,10.0,30.0
Tibetan languages,110,20,0.0,5.0,10.0,5.0,0.0,5.0,0.0,0.0
Tigrigna,290,50,5.0,0.0,0.0,5.0,25.0,0.0,10.0,15.0
Turkish,1655,95,10.0,5.0,10.0,30.0,35.0,15.0,5.0,15.0
Ukrainian,4220,390,30.0,45.0,60.0,60.0,50.0,100.0,45.0,80.0
Urdu,4310,2280,80.0,65.0,195.0,105.0,1425.0,65.0,350.0,430.0
Vietnamese,11745,2855,155.0,150.0,840.0,705.0,415.0,25.0,570.0,720.0
Yiddish,180,10,0.0,0.0,0.0,0.0,0.0,5.0,0.0,0.0
Other languages,7455,640,70.0,35.0,85.0,95.0,170.0,30.0,160.0,235.0
Multiple responses,,7480,400.0,485.0,1070.0,1050.0,2580.0,405.0,1480.0,1885.0
English and French,4065,295,15.0,40.0,20.0,50.0,75.0,70.0,30.0,40.0
English and non-official language,,6915,370.0,425.0,1005.0,965.0,2435.0,300.0,1410.0,1785.0
French and non-official language,1520,160,15.0,10.0,25.0,20.0,35.0,20.0,30.0,45.0
"      English, French and non-official language",725,105,5.0,5.0,15.0,15.0,40.0,15.0,10.0,10.0
Detailed mother tongue - Females excluding institutional residents,,,,,,,,,,
,,,10875.0,27480.0,29810.0,29275.0,66360.0,35695.0,35430.0,46300.0
Single responses,,,10435.0,26965.0,28655.0,28195.0,63780.0,35215.0,33925.0,44360.0
English,,,5605.0,21180.0,13660.0,14045.0,24530.0,27165.0,13520.0,19120.0
French,28965,1765,120.0,220.0,190.0,190.0,400.0,455.0,190.0,310.0
Non-official languages,,,4715.0,5565.0,14805.0,13960.0,38845.0,7595.0,20215.0,24930.0
Selected Aboriginal languages,675,40,0.0,0.0,0.0,5.0,10.0,5.0,15.0,15.0
Atikamekw,0,0,0.0,0.0,0.0,0.0,0.0,0.0,0.0,0.0
"          Cree, n.o.s.",525,25,5.0,0.0,5.0,5.0,10.0,5.0,5.0,10.0
Dene,35,0,0.0,0.0,0.0,0.0,0.0,0.0,0.0,0.0
Innu/Montagnais,0,0,0.0,0.0,0.0,0.0,0.0,0.0,0.0,0.0
Inuktitut,15,0,0.0,0.0,0.0,0.0,0.0,0.0,0.0,0.0
Mi'kmaq,5,0,0.0,0.0,0.0,0.0,0.0,0.0,0.0,0.0
Ojibway,90,10,0.0,0.0,0.0,0.0,5.0,5.0,0.0,5.0
Oji-Cree,0,0,0.0,0.0,0.0,0.0,0.0,0.0,0.0,0.0
Stoney,0,0,0.0,0.0,0.0,0.0,0.0,0.0,0.0,0.0
Selected non-Aboriginal languages,,,4655.0,5520.0,14705.0,13860.0,38630.0,7550.0,20050.0,24700.0
"          African languages, n.i.e.",295,105,25.0,5.0,0.0,35.0,25.0,5.0,15.0,40.0
Afrikaans,1405,85,0.0,15.0,5.0,10.0,10.0,40.0,0.0,0.0
Akan (Twi),220,80,15.0,5.0,20.0,10.0,25.0,0.0,5.0,20.0
Albanian,635,140,15.0,20.0,15.0,70.0,10.0,0.0,5.0,15.0
Amharic,640,160,25.0,5.0,25.0,30.0,50.0,0.0,35.0,55.0
Arabic,5545,1375,80.0,55.0,230.0,485.0,290.0,40.0,195.0,270.0
Armenian,545,45,0.0,20.0,0.0,10.0,0.0,10.0,0.0,5.0
"          Bantu languages, n.i.e.",290,65,10.0,5.0,10.0,10.0,20.0,5.0,10.0,20.0
Bengali,1145,225,15.0,5.0,30.0,50.0,70.0,15.0,45.0,65.0
Berber languages (Kabyle),5,0,0.0,0.0,0.0,0.0,0.0,0.0,0.0,5.0
Bisayan languages,2430,440,45.0,20.0,55.0,105.0,95.0,25.0,85.0,135.0
Bosnian,640,65,10.0,5.0,10.0,25.0,20.0,5.0,5.0,10.0
Bulgarian,985,40,10.0,0.0,10.0,5.0,5.0,15.0,0.0,5.0
Burmese,460,110,35.0,5.0,10.0,20.0,10.0,0.0,30.0,65.0
Cantonese,,2050,120.0,155.0,410.0,545.0,360.0,180.0,270.0,395.0
"          Chinese, n.o.s.",,4135,370.0,195.0,735.0,1150.0,460.0,850.0,375.0,745.0
Creoles,320,115,15.0,5.0,10.0,30.0,30.0,0.0,30.0,45.0
Croatian,3960,355,15.0,45.0,70.0,60.0,45.0,75.0,40.0,55.0
Czech,2810,250,10.0,25.0,35.0,45.0,40.0,75.0,25.0,35.0
Danish,2675,220,10.0,20.0,25.0,20.0,35.0,85.0,15.0,25.0
Dutch,11895,940,30.0,150.0,195.0,110.0,120.0,265.0,65.0,95.0
Estonian,475,45,0.0,5.0,5.0,5.0,5.0,30.0,0.0,5.0
Finnish,2390,165,15.0,20.0,10.0,25.0,20.0,45.0,25.0,40.0
Flemish,235,15,0.0,0.0,0.0,5.0,0.0,10.0,0.0,0.0
Fukien,1080,70,5.0,0.0,10.0,25.0,15.0,5.0,10.0,15.0
German,,2625,105.0,375.0,285.0,310.0,445.0,870.0,235.0,345.0
Greek,2885,255,10.0,35.0,40.0,30.0,70.0,35.0,30.0,40.0
Gujarati,3535,635,20.0,25.0,50.0,50.0,345.0,35.0,100.0,120.0
Hakka,630,40,5.0,0.0,10.0,15.0,5.0,5.0,5.0,5.0
Hebrew,790,20,5.0,5.0,0.0,0.0,10.0,10.0,0.0,5.0
Hindi,12795,6370,240.0,140.0,730.0,265.0,2785.0,60.0,2145.0,2385.0
Hungarian,4940,510,45.0,45.0,60.0,105.0,105.0,85.0,70.0,115.0
Ilocano,2290,370,50.0,15.0,70.0,70.0,70.0,10.0,85.0,130.0
"          Indo-Iranian languages, n.i.e.",205,55,0.0,0.0,10.0,0.0,35.0,0.0,5.0,15.0
Italian,11880,635,20.0,90.0,110.0,130.0,100.0,140.0,45.0,65.0
Japanese,12825,595,45.0,55.0,75.0,110.0,115.0,120.0,75.0,125.0
Khmer (Cambodian),765,305,20.0,25.0,75.0,35.0,70.0,0.0,75.0,100.0
Korean,26625,4065,300.0,410.0,805.0,1710.0,145.0,620.0,80.0,380.0
Kurdish,645,50,0.0,5.0,15.0,15.0,20.0,0.0,0.0,5.0
Lao,605,295,5.0,20.0,145.0,65.0,25.0,0.0,40.0,45.0
Latvian,315,10,0.0,0.0,5.0,0.0,0.0,0.0,0.0,0.0
Lingala,15,0,0.0,0.0,0.0,0.0,0.0,0.0,0.0,0.0
Lithuanian,245,15,5.0,5.0,0.0,5.0,5.0,5.0,0.0,0.0
Macedonian,140,10,0.0,5.0,5.0,0.0,0.0,0.0,5.0,5.0
Malay,1950,195,30.0,15.0,35.0,45.0,30.0,20.0,20.0,55.0
Mi'kmaq,15,0,0.0,0.0,0.0,0.0,0.0,0.0,0.0,0.0
Ojibway,140,10,5.0,5.0,0.0,0.0,5.0,0.0,5.0,5.0
Oji-Cree,0,0,0.0,0.0,0.0,0.0,0.0,0.0,0.0,0.0
Stoney,0,0,0.0,0.0,0.0,0.0,0.0,0.0,0.0,0.0
Selected non-Aboriginal languages,,,8995.0,10475.0,28460.0,26695.0,76050.0,14110.0,39640.0,48630.0
"        African languages, n.i.e.",620,195,40.0,10.0,10.0,55.0,40.0,5.0,30.0,70.0
Afrikaans,2735,175,5.0,30.0,10.0,30.0,15.0,80.0,5.0,5.0
Akan (Twi),460,150,25.0,5.0,30.0,25.0,50.0,5.0,10.0,40.0
Albanian,1335,265,40.0,30.0,30.0,130.0,20.0,5.0,10.0,50.0
Amharic,1255,290,45.0,5.0,55.0,55.0,80.0,0.0,55.0,100.0
Arabic,13055,2925,215.0,120.0,480.0,995.0,620.0,80.0,410.0,630.0
Armenian,1105,85,5.0,25.0,5.0,20.0,10.0,20.0,10.0,10.0
"        Bantu languages, n.i.e.",525,115,20.0,10.0,20.0,20.0,30.0,5.0,15.0,30.0
Bengali,2410,465,40.0,10.0,60.0,90.0,155.0,20.0,90.0,130.0
Berber languages (Kabyle),15,0,0.0,0.0,0.0,0.0,0.0,0.0,0.0,0.0
Bisayan languages,3870,750,85.0,30.0,90.0,180.0,165.0,35.0,165.0,245.0
Bosnian,1275,140,15.0,5.0,20.0,45.0,35.0,10.0,5.0,20.0
Bulgarian,1945,90,10.0,5.0,20.0,15.0,15.0,20.0,0.0,10.0
Burmese,945,250,80.0,10.0,15.0,45.0,15.0,5.0,75.0,155.0
Cantonese,,3890,235.0,275.0,790.0,1055.0,650.0,340.0,540.0,780.0
"        Chinese, n.o.s.",,7765,715.0,375.0,1350.0,2175.0,845.0,1575.0,725.0,1440.0
Creoles,640,215,20.0,10.0,15.0,45.0,60.0,5.0,65.0,80.0
Croatian,7820,735,35.0,85.0,145.0,140.0,95.0,145.0,85.0,125.0
Czech,5610,495,25.0,50.0,65.0,95.0,80.0,135.0,50.0,75.0
Danish,5245,450,25.0,50.0,45.0,50.0,65.0,185.0,40.0,65.0
Dutch,23080,1765,65.0,295.0,350.0,205.0,230.0,475.0,145.0,205.0
Estonian,820,85,0.0,10.0,5.0,5.0,10.0,50.0,5.0,5.0
Finnish,4095,275,25.0,30.0,20.0,50.0,40.0,80.0,40.0,60.0
Flemish,445,40,5.0,5.0,5.0,5.0,5.0,15.0,0.0,5.0
Fukien,1915,125,10.0,5.0,15.0,40.0,25.0,10.0,15.0,30.0
German,,4910,215.0,690.0,515.0,600.0,830.0,1590.0,465.0,680.0
